mean_x,mean_y,mean_z,mean_mag,std_x,std_y,std_z,std_mag,var_x,var_y,var_z,var_mag,range_x,range_y,range_z,range_mag,max_x,max_y,max_z,max_mag,min_x,min_y,min_z,min_mag,q25_mag,q50_mag,q75_mag,cv_mag,rms_x,rms_y,rms_z,rms_mag,mean_jerk,std_jerk,max_jerk,min_jerk,sma,zcr_x,zcr_y,zcr_z,zcr_mag,energy_x,energy_y,energy_z,energy_mag,dominant_power,spectral_energy,power_tremor_band,power_low_freq,power_mid_freq,power_high_freq,spectral_entropy,spectral_centroid,spectral_spread,freeze_index,locomotor_power,freeze_power,cadence_spm,step_regularity,freeze_ratio,steps_10s,numSamples,label
-0.704428571,-1.835509217,-0.525928571,2.063450238,0.210029427,0.394103248,0.287575351,0.407697174,0.04411236,0.15531737,0.082699582,0.166216986,1.961,1.805,1.758,1.831379748,0.109,-1.16,0.637,3.169804568,-1.852,-2.965,-1.121,1.33842482,1.709531491,2.011189194,2.394613803,0.197580328,0.735072767,1.877341592,0.599416754,2.103341121,428.9063981,369.0014352,2584.729193,30.92329219,3.086875576,2,0,2,57,234.504076,1529.594571,155.936393,1920.03504,895.5374033,817640.802,1621.357511,11619.19681,3039.354796,940.072538,4.204472068,2.842523128,4.501383142,0.261580456,11619.19681,3039.354796,103.6866359,0.053699846,0.207343459,14,434,gait_slow
-0.703007194,-1.874179856,-0.595515588,2.120943791,0.321656537,0.481510382,0.295883128,0.534665782,0.103462928,0.231852248,0.087546825,0.285867498,2.016,1.93,1.25,2.085120423,0.387,-0.992,-0.008,3.217668877,-1.629,-2.922,-1.258,1.132548454,1.643864654,2.115034515,2.565209738,0.252088615,0.773098987,1.935045834,0.664970406,2.187297434,472.7499112,380.0226576,3141.878419,23.58495283,3.179134293,6,0,0,41,249.233412,1561.415793,184.391412,1995.040617,884.433561,807077.2782,1637.594922,19917.90725,3884.44445,861.8624981,4.409539911,2.926537173,4.583160775,0.19502272,19917.90725,3884.44445,115.1079137,0.094619707,0.163195826,16,417,gait_normal
-0.9617254,-2.638139588,-0.373816934,3.008625697,0.873205399,1.086702011,0.529386211,1.0937392,0.762487668,1.18092126,0.280249761,1.196265438,4.411,5.539,2.348,5.80747059,0.977,-0.727,0.844,6.74882812,-3.434,-6.266,-1.504,0.94135753,2.15063758,2.895649323,3.496318492,0.363534487,1.299000929,2.853191502,0.648065475,3.201264441,1119.355941,1047.375253,8307.206209,49.11720676,4.261196796,24,0,31,42,737.395292,3557.486663,183.535132,4478.417087,1314.769429,1842842.223,19064.37428,62089.52927,38579.52766,2276.708441,5.262152608,3.395371847,4.685681844,0.621353199,62089.52927,38579.52766,130.4347826,0.09545214,0.383231241,20,437,gait_fast
-0.979698448,1.985365854,-0.209829268,2.246755535,0.250211028,0.586374601,0.200852694,0.586844993,0.062605559,0.343835172,0.040341805,0.344387046,1.457,2.368,1.098,2.567072746,-0.406,3.18,0.305,3.519461322,-1.863,0.812,-0.793,0.952388576,1.900523509,2.303007599,2.68482129,0.261196639,1.011145196,2.070148001,0.290465362,2.322132098,351.7502603,235.9390692,1645.890716,31.6227766,3.200760532,0,0,38,25,461.108988,1932.766248,38.050927,2431.926163,1013.286746,1061774.362,524.1138258,33499.05582,921.0087168,307.6317193,3.938998967,1.951046855,3.810153916,0.027493572,33499.05582,921.0087168,93.12638581,0.149776954,0.026757902,18,451,gait_slow
-0.53105814,1.961109302,-0.460362791,2.110215501,0.225128932,0.593886768,0.260144036,0.598294518,0.050683036,0.352701493,0.06767492,0.35795633,2.434,3.203,1.958,3.143903959,0.637,4.105,0.52,4.164298981,-1.797,0.902,-1.438,1.020395022,1.584162207,2.14822173,2.551495414,0.283522947,0.576806539,2.04906105,0.528780501,2.19339139,352.0805489,423.7324483,3922.41077,14.36140662,2.964344186,7,0,4,31,143.063487,1805.420011,120.231792,2068.71529,907.3926654,856454.5113,889.6387858,29149.90854,2670.251146,632.565597,4.294523569,2.488031254,4.019648597,0.0916041,29149.90854,2670.251146,104.6511628,0.068526771,0.083916962,16,430,gait_normal
-0.55454102,2.369159645,0.00389357,2.49962254,0.493465576,0.66817984,0.364834807,0.703855451,0.243508275,0.446464298,0.133104437,0.495412497,3.59,3.832,2.519,3.971356587,1.453,5.055,1.273,5.222955964,-2.137,1.223,-1.246,1.251599377,1.993504184,2.418653551,2.875911621,0.281584695,0.74230992,2.461581143,0.364855583,2.596829863,848.4725378,665.6684047,4011.982833,36.14208074,3.255536585,40,0,86,49,248.511832,2732.781157,60.036938,3041.329927,1127.329765,1321254.754,1779.668089,42360.4856,5451.188104,1356.9588,4.784458418,3.363234281,5.167353759,0.128685685,42360.4856,5451.188104,113.0820399,0.097203074,0.114013748,16,451,gait_fast
-0.324383372,-2.024489607,-0.033023095,2.063826617,0.07838188,0.329603731,0.210694145,0.323523295,0.006143719,0.108638619,0.044392023,0.104667322,0.484,1.434,0.789,1.431434841,-0.141,-1.324,0.363,2.789634385,-0.625,-2.758,-0.426,1.358199544,1.866758956,2.082099902,2.292991278,0.15675895,0.33371888,2.051145239,0.213266376,2.089030308,189.6615451,154.3041244,993.0665889,21.65063509,2.534981524,0,0,25,53,48.22247,1821.71621,19.693943,1889.632623,893.6369253,808398.8717,1459.21569,7092.063224,2514.973885,89.17156957,3.438203257,1.825929552,3.604644384,0.354618086,7092.063224,2514.973885,103.926097,0.153735792,0.26178455,12,433,gait_slow
-0.420186404,-2.139361842,0.047098684,2.218080138,0.157206711,0.46736941,0.359944497,0.456588049,0.02471395,0.218434165,0.129560041,0.208472647,0.828,2.41,1.285,2.365908697,0.023,-1.004,0.551,3.45735636,-0.805,-3.414,-0.734,1.091447663,1.948037019,2.259118182,2.504176004,0.205848311,0.44863188,2.189818088,0.363012847,2.264586529,261.931665,248.8378429,2756.132934,21.36000936,2.888059211,2,0,20,40,91.779377,2186.658285,60.090917,2338.528579,1011.444543,1044694.351,793.3647026,18098.32673,2240.773199,300.4772101,3.99111886,2.271064955,4.366254513,0.12381107,18098.32673,2240.773199,111.8421053,0.069450972,0.110170716,16,456,gait_normal
-0.325128146,-3.038624714,-0.028665904,3.296197417,0.496314571,0.87022822,1.097154096,0.825969252,0.246328153,0.757297154,1.20374711,0.682225205,2.539,4.257,5.847,3.913611115,0.707,-1.184,2.277,5.720506796,-1.832,-5.441,-3.57,1.80689568,2.571105793,3.343045767,3.839089866,0.250582458,0.593326609,3.160781123,1.097528516,3.398108682,629.8719609,457.9077602,4522.586373,49.81214711,4.353759725,46,0,23,33,153.839935,4365.864803,526.396585,5046.101323,1440.438271,2140003.951,5399.172267,45365.53526,7536.865513,704.3783612,4.343412291,2.467433707,4.595912707,0.166136374,45365.53526,7536.865513,109.8398169,0.183951684,0.142467363,18,437,gait_fast
-0.204468677,-1.997236659,-0.463447796,2.07887315,0.14509019,0.345358094,0.231190757,0.342935183,0.021051163,0.119272213,0.053449166,0.11760454,0.734,1.578,1.398,1.61582332,0.125,-1.133,-0.008,2.792636389,-0.609,-2.711,-1.406,1.176813069,1.914394361,2.087614907,2.328882921,0.164962053,0.250716181,2.026876041,0.517912179,2.10696894,230.2396883,216.5360253,2763.452325,2.5,2.670916473,25,0,0,40,27.092058,1770.645615,115.608434,1913.346107,895.9943277,813729.001,630.7392424,9348.496251,1381.181988,107.4852613,3.633368973,1.917978357,3.963749129,0.14774376,9348.496251,1381.181988,97.44779582,0.261049316,0.128725387,12,431,gait_slow
-0.314856813,-2.094801386,-0.37008776,2.190193071,0.190314976,0.453553501,0.404557508,0.482643002,0.03621979,0.205710778,0.163666778,0.232944267,1.16,2.343,1.742,2.517698468,0.293,-1.391,0.539,3.953999621,-0.867,-3.734,-1.203,1.436301152,1.844349479,2.127697582,2.408657925,0.220365505,0.367905698,2.143339363,0.54829894,2.242741615,326.8638218,259.5952,1527.092826,2.5,2.881279446,12,0,17,43,58.608543,1989.160269,130.173538,2177.94235,948.3535996,921211.7836,2193.450773,16904.21673,4427.79455,254.8561903,3.839153813,2.200538816,3.903581861,0.261934322,16904.21673,4427.79455,103.926097,0.049672396,0.207565733,12,433,gait_normal
-0.430579775,-2.744795506,-0.109519101,2.912583804,0.674831732,0.638533735,0.57557547,0.66525307,0.455397866,0.407725331,0.331287122,0.442561648,3.356,3.254,3.336,3.278917399,0.891,-1.328,1.156,4.643267061,-2.465,-4.582,-2.18,1.364349662,2.400875257,2.916007716,3.460110258,0.228406499,0.800497851,2.81808937,0.585902343,2.987592017,682.7898412,501.6530035,3997.124748,34.09545424,3.829235955,36,0,34,50,285.15458,3534.024326,152.760292,3971.939198,1296.099793,1723693.535,2095.242298,33186.38822,8203.918489,1101.429501,4.365774731,2.63088235,4.242283187,0.247207332,33186.38822,8203.918489,128.0898876,0.109572683,0.19820869,16,445,gait_fast
-0.632154229,-1.849338308,-0.475072139,2.028656296,0.198896999,0.366163388,0.192893617,0.375182503,0.039560016,0.134075627,0.037207948,0.140761911,1.121,1.824,0.949,1.843001636,-0.043,-1.324,-0.102,3.288055961,-1.164,-3.148,-1.051,1.445054324,1.776983658,1.913769872,2.134906365,0.184941384,0.662705806,1.885239456,0.512739198,2.063057991,275.2974719,252.2810104,1622.374803,22.5,2.956564677,0,0,0,34,176.549952,1428.759378,105.686397,1710.995727,815.5198308,676446.4343,1069.320057,7056.596036,4124.205953,151.968612,3.691990103,2.229952769,3.845643704,0.584446939,7056.596036,4124.205953,104.4776119,0.125476606,0.368864949,14,402,gait_slow
-0.649724512,-1.929032538,-0.491308026,2.127277377,0.282083794,0.509101025,0.329230669,0.553652386,0.079571267,0.259183854,0.108392834,0.306530965,1.625,2.347,1.707,2.587366547,0.25,-1.219,0.043,3.875596728,-1.375,-3.566,-1.664,1.288230181,1.664186889,2.041836673,2.429198427,0.260263373,0.708317166,1.995081549,0.59141898,2.198144673,423.9996161,499.4482859,4275.215638,20.15564437,3.076950108,8,0,12,43,231.289789,1834.941528,161.246925,2227.478242,980.6748709,994294.1702,2221.653916,26369.55677,4847.750594,1141.798881,4.695291758,3.163828812,4.84678797,0.183838911,26369.55677,4847.750594,110.6290672,0.098488578,0.155290478,14,461,gait_normal
-0.723673289,-2.011534216,-0.466986755,2.226924479,0.382400388,0.599340367,0.357268686,0.679659307,0.146230057,0.359208876,0.127640914,0.461936774,2.062,2.902,1.547,3.280468474,0.281,-1.051,0.219,4.436998197,-1.781,-3.953,-1.328,1.156529723,1.621444726,2.142583487,2.68401807,0.305200878,0.818494402,2.098923243,0.587977502,2.328331894,516.0062307,478.6830465,3378.989309,30.20761493,3.218476821,8,0,25,38,303.479688,1995.681887,156.610047,2455.771622,1008.796789,1065067.47,2253.858415,40025.43744,5282.479662,1304.721565,4.864619929,2.933957928,4.420199971,0.131978062,40025.43744,5282.479662,119.205298,0.098697398,0.116590653,16,453,gait_fast
-0.621281596,-1.93208204,-0.329008869,2.067211742,0.173805465,0.289638914,0.174234684,0.313482132,0.03020834,0.083890701,0.030357725,0.098271047,0.809,1.543,0.84,1.607023069,-0.246,-1.344,0.09,3.052215097,-1.055,-2.887,-0.75,1.445192029,1.85944427,2.044740815,2.209813275,0.151644907,0.645134995,1.953671341,0.372296335,2.090845626,158.4662535,131.6535448,880.3159944,12.74754878,2.88686031,0,0,12,41,187.705822,1721.391101,62.510657,1971.60758,932.3124955,879200.799,297.6203914,8755.396628,1022.990028,109.1032732,3.354396706,1.652400016,3.416387013,0.116841083,8755.396628,1022.990028,139.6895787,0.070256672,0.104617465,16,451,gait_slow
-0.630895377,-1.902885645,-0.309445255,2.046935236,0.186345064,0.398986513,0.260735678,0.432103081,0.034724483,0.159190238,0.067983094,0.186713073,1.086,1.778,1.141,1.963567858,-0.301,-1.148,0.145,3.322018814,-1.387,-2.926,-0.996,1.358450956,1.646803327,1.9718149,2.397044479,0.211097583,0.657839996,1.944264389,0.404647328,2.092046112,227.1033938,196.9898682,1610.211554,20.31009601,2.854676399,0,0,23,25,177.861672,1553.64741,67.296918,1798.806,841.2903821,723539.143,362.9815056,14559.89906,850.117208,98.61487683,3.54352758,2.014537182,4.08137021,0.058387576,14559.89906,850.117208,94.89051095,0.080346472,0.055166535,18,411,gait_normal
-0.697023555,-2.100006424,-0.322342612,2.291534796,0.394768695,0.633491408,0.392994563,0.678410102,0.155842323,0.401311364,0.154444726,0.460240267,1.75,2.45,1.719,2.815762376,-0.031,-1.109,0.293,3.937490952,-1.781,-3.559,-1.426,1.121728577,1.735788905,2.109497808,2.937282196,0.296050535,0.801051907,2.193476315,0.508280913,2.389847692,370.7736355,293.8231536,2086.361965,32.5,3.17264454,0,0,32,33,299.666502,2246.895007,120.64921,2667.210719,1070.14675,1195400.727,1442.95813,45756.22944,3471.05307,480.7511912,4.187053328,2.36556944,4.143420102,0.075859683,45756.22944,3471.05307,109.2077088,0.110729118,0.070510759,18,467,gait_fast
-0.457168591,1.973570439,-0.527369515,2.154805547,0.296274608,0.506085585,0.279519998,0.401182938,0.087778644,0.256122619,0.078131429,0.16094775,1.765,2.636,1.664,2.197873916,0.441,3.238,0.199,3.279138454,-1.324,0.602,-1.465,1.081264537,1.917789874,2.174759987,2.462292225,0.186180576,0.544776802,2.037425556,0.596866848,2.191833638,550.6062389,402.4058089,2546.909892,21.50581317,2.97834873,26,0,12,47,128.506504,1797.427554,154.256265,2080.190323,933.0308019,885634.3439,1551.089043,10392.28295,3719.87266,844.614412,4.381821421,2.884858816,4.561787974,0.357945668,10392.28295,3719.87266,117.7829099,0.172608661,0.263593512,20,433,gait_slow
-0.483736607,2.294247768,-0.485247768,2.444228981,0.431375031,0.517493904,0.299798115,0.550042977,0.186084417,0.267799941,0.08987891,0.302547277,2.227,3.051,1.489,3.365920997,0.434,3.801,0.219,4.126308399,-1.793,0.75,-1.27,0.760387401,2.069599347,2.490646355,2.828277727,0.225037417,0.648140048,2.351887064,0.570389609,2.505354783,676.0052138,484.6545482,3446.801053,51.17372373,3.302058036,30,0,13,49,188.198314,2478.054997,145.754249,2812.00756,1095.014584,1229418.047,2281.761957,22403.14026,5606.839507,1374.314062,4.667903378,3.17725407,4.963033532,0.25027025,22403.14026,5606.839507,107.1428571,0.249992,0.200172922,18,448,gait_fast
-0.444851852,2.030006536,-0.627309368,2.192734644,0.222523818,0.426608337,0.212223133,0.425207843,0.04951685,0.181994673,0.045038658,0.18080171,1.625,2.238,1.117,2.365661814,0.316,3.492,-0.059,3.683643984,-1.309,1.254,-1.176,1.31798217,1.879388477,2.110522447,2.459501215,0.193916689,0.497403277,2.074348382,0.662235382,2.233581637,448.5345427,423.7951738,3400.144298,34.00367627,3.106093682,8,0,0,37,113.561199,1975.040835,201.297067,2289.899101,1006.465202,1032017.945,1122.927262,15167.69741,2799.925499,895.1519179,4.227372108,2.636113876,4.32611877,0.184597927,15167.69741,2799.925499,98.03921569,0.123023144,0.155831715,14,459,gait_normal
-0.568995671,2.006818182,-0.064331169,2.111642391,0.27267452,0.412410449,0.185912948,0.418542227,0.074351394,0.170082378,0.034563624,0.175177596,4.183,2.09,1.207,1.994514258,1.32,3.254,0.242,3.362719287,-2.863,1.164,-0.965,1.368205028,1.770726485,2.060347826,2.348316829,0.198206964,0.63095758,2.048756109,0.196728553,2.152721808,462.124184,680.8563797,8174.899464,20.15564437,2.747383117,4,0,46,48,183.92565,1939.199536,17.880381,2141.005567,975.5787847,970449.0055,1699.559865,14194.81527,3515.144022,693.605826,4.569584,3.307533889,5.313705986,0.247635771,14194.81527,3515.144022,97.4025974,0.133867129,0.198484026,14,462,gait_slow
-0.60083524,2.012347826,-0.069574371,2.124710858,0.26872931,0.457882299,0.172662213,0.461167004,0.072215442,0.209656199,0.02981224,0.212675005,2.066,2.367,0.922,2.242068245,0.25,3.48,0.301,3.652443018,-1.816,1.113,-0.621,1.410374773,1.762535106,2.054350262,2.368988392,0.2170493,0.658193306,2.063782928,0.186152714,2.174182889,450.2780938,497.0869715,4629.982451,18.87458609,2.771997712,4,0,43,46,189.316453,1861.270388,15.143288,2065.730129,928.4986447,882416.0135,1191.593159,16864.71132,2696.419224,648.3462311,4.190378645,2.876462386,4.780769878,0.159885288,16864.71132,2696.419224,102.9748284,0.067446124,0.137845776,14,437,gait_normal
-0.647153488,2.075127907,-0.050995349,2.241390696,0.444588615,0.560228761,0.305095837,0.55527517,0.197659037,0.313856265,0.09308347,0.308330515,3.984,3.09,1.753,2.88402073,0.906,3.797,0.562,4.140290207,-3.078,0.707,-1.191,1.256269477,1.78881763,2.156214538,2.553120916,0.247736894,0.785153918,2.14942134,0.309328297,2.309147627,765.3682031,979.8261028,9915.229763,16.00781059,2.997504651,12,0,37,42,265.08067,1986.605201,41.144118,2292.829989,963.7979991,957411.6301,1743.959991,22903.22816,4033.234115,1052.613985,4.666476576,3.594210638,5.612760017,0.176098936,22903.22816,4033.234115,111.627907,0.026127891,0.149731397,16,430,gait_fast
-0.425946835,-1.96775443,-0.088164557,2.027809701,0.121890882,0.267544555,0.193884373,0.270698427,0.014857387,0.071580089,0.03759115,0.073277638,0.769,1.41,1.004,1.377918532,0.07,-1.547,0.391,3.008564109,-0.699,-2.957,-0.613,1.630645578,1.819520678,1.999922248,2.149648376,0.133493013,0.443044122,1.985859408,0.212988589,2.045798089,200.1943036,190.8114495,1727.635668,1.49E-13,2.57103038,2,0,22,48,77.533797,1557.736847,17.918835,1653.189479,800.9848317,647293.1072,996.6369849,3918.427168,1649.148163,71.03133041,3.345251553,1.894364473,3.826051795,0.420869929,3918.427168,1649.148163,98.73417722,0.20523699,0.29620581,10,395,gait_slow
-0.383640288,-2.168414868,-0.033023981,2.239392904,0.311633186,0.505242457,0.274457956,0.512957374,0.097115242,0.255269941,0.07532717,0.263125268,1.828,2.735,1.418,2.744826077,0.34,-1.117,0.598,3.900291784,-1.488,-3.852,-0.82,1.155465707,1.827537414,2.195173569,2.575881597,0.229060909,0.49426219,2.226497918,0.276437611,2.297391096,372.7058062,492.7298461,5796.113461,29.26174978,2.814940048,30,0,38,37,101.871062,2067.191173,31.866203,2200.928438,933.826841,894909.6564,1274.078302,19616.12255,2661.826679,242.9498302,4.048363911,2.27384318,3.9691468,0.135695863,19616.12255,2661.826679,100.7194245,0.094961842,0.119482572,16,417,gait_normal
-0.287056399,-2.717388286,0.103190889,2.840319114,0.507114996,0.69668308,0.577655823,0.697176698,0.257165619,0.485367313,0.33368625,0.486055348,2.875,3.258,2.512,3.162806759,1.121,-1.422,1.387,4.685503708,-1.754,-4.68,-1.125,1.522696949,2.267081163,2.795616927,3.344197961,0.245457172,0.582723773,2.805274748,0.586800315,2.924631262,643.792691,470.1024102,3655.121407,31.81980515,3.694750542,53,0,39,33,156.540385,3627.870116,158.738255,3943.148756,1309.387112,1766142.088,3202.766531,40400.3697,6986.98854,738.1837741,4.694012533,2.660846713,4.40760574,0.172943678,40400.3697,6986.98854,117.1366594,0.143972316,0.147444145,18,461,gait_fast
-0.813942529,1.90425977,-0.007850575,2.085297906,0.206568502,0.325497411,0.120263363,0.321534403,0.042670546,0.105948565,0.014463277,0.103384372,1.25,1.742,0.633,1.681973233,-0.305,3.137,0.309,3.286004717,-1.555,1.395,-0.324,1.604031483,1.829948958,2.024962716,2.243521895,0.154191112,0.839745787,1.931878318,0.120519326,2.109941168,474.4720997,456.6857394,4191.629307,16.20185175,2.813354023,0,0,50,58,306.750249,1623.486919,6.318335,1936.555503,907.1045893,832620.0858,1053.510961,7294.808037,1948.965595,386.4605388,3.932349303,2.84518466,5.02090214,0.267171608,7294.808037,1948.965595,89.65517241,0.086586501,0.210840905,10,435,gait_slow
-0.752070423,2.013112676,-0.106143662,2.18307528,0.372751215,0.629847483,0.170711384,0.654580067,0.138943468,0.396707852,0.029142377,0.428475064,2.222,3.117,0.922,3.186270345,0.148,4.039,0.277,4.362572177,-2.074,0.922,-0.645,1.176301832,1.593779252,2.109666798,2.667580128,0.299843103,0.839376786,2.109343618,0.201019535,2.279099107,778.4510646,844.5593074,7905.825384,20,2.920983099,8,0,55,31,250.116453,1579.512327,14.345143,1843.973923,774.9917243,627603.7816,1634.866988,20882.74313,4018.754013,1314.13297,4.967987192,3.967027024,5.661130327,0.192443779,20882.74313,4018.754013,118.3098592,0.082705723,0.16138604,14,355,gait_normal
-0.739535047,2.219196262,0.00632243,2.416602909,0.583052915,0.723220674,0.264821265,0.751627324,0.339950702,0.523048144,0.070130303,0.564943635,3.32,3.356,1.984,3.601899148,0.836,4.141,0.996,4.484072033,-2.484,0.785,-0.988,0.882172886,1.833807702,2.328226634,2.964368808,0.311026409,0.941733926,2.334069449,0.264896726,2.530793009,1163.866768,891.2585994,5014.674715,79.45124291,3.190988318,30,0,66,49,379.577273,2331.692722,30.032878,2741.302873,1034.306045,1121532.6,2787.385254,37547.41681,7765.961925,4058.674238,5.26750132,4.227104522,5.571097398,0.206830791,37547.41681,7765.961925,126.1682243,0.051844858,0.171383422,16,428,gait_fast
-0.643953437,-1.866953437,-0.563955654,2.074138591,0.16913429,0.300142206,0.262370311,0.322049963,0.028606408,0.090085344,0.06883818,0.103716179,1.363,1.672,1.157,1.70380383,0.215,-1.344,-0.062,3.280053811,-1.148,-3.016,-1.219,1.57624998,1.830518209,1.986627544,2.255630286,0.155269259,0.665794591,1.890925826,0.622000128,2.098991919,322.6976634,217.993906,1756.276245,24.49489743,3.075815965,2,0,0,35,399.840758,3225.191632,348.969512,3974.001902,1870.87301,3542357.767,604.7923475,36313.54716,1742.118523,22.29075937,4.073621563,1.945451061,4.829456733,0.047974342,36313.54716,1742.118523,103.1042129,0.308219979,0.045778164,16,902,gait_slow
-0.646448276,-1.91771954,-0.616595402,2.145259643,0.204494631,0.400854747,0.335589736,0.434416407,0.041818054,0.160684528,0.112620471,0.188717615,1.57,1.864,1.508,2.053209384,-0.09,-1.363,0.035,3.524397679,-1.66,-3.227,-1.473,1.471188295,1.820149903,2.066705107,2.343449615,0.20250062,0.678021701,1.959166344,0.702004531,2.188802538,358.954134,267.7564557,2862.330781,41.23105626,3.181751724,0,0,6,36,399.950682,3339.349504,428.745014,4168.0452,1866.37589,3554779.143,660.2688787,57934.43128,1913.400597,17.79861621,4.038195749,1.954037933,4.843377069,0.033027002,57934.43128,1913.400597,89.65517241,0.320006,0.031971093,14,870,gait_normal
-0.708169492,-2.069254237,-0.670058111,2.36601087,0.383262944,0.568047044,0.586051677,0.668813921,0.146890485,0.322677444,0.343456568,0.447312061,2.395,2.774,2.453,3.087840548,0.848,-1.074,0.598,4.373215979,-1.547,-3.848,-1.855,1.285375432,1.869413009,2.19531319,2.896747314,0.28267576,0.805229479,2.145807667,0.890187868,2.458723143,616.4279829,381.2312672,3520.847732,52.02163012,3.518246973,8,0,15,38,535.573868,3803.309188,654.550848,4993.433904,1954.324978,3971981.263,1870.907921,84438.24527,4147.710447,225.350015,4.868113388,2.755183885,5.504857159,0.04912123,84438.24527,4147.710447,108.9588378,0.171048387,0.046821309,16,826,gait_fast
-0.593780769,-1.923746154,0.057734615,2.042140461,0.219557199,0.256739806,0.271430135,0.272333432,0.048205363,0.065915328,0.073674318,0.074165498,1.035,1.332,1.039,1.396905081,-0.199,-1.352,0.516,2.825553043,-1.234,-2.684,-0.523,1.428647962,1.862974885,1.997030544,2.175850562,0.133356856,0.633072638,1.940802564,0.277502439,2.060219202,369.6199686,288.4850051,2422.867619,28.39454173,2.761146154,0,0,23,31,208.406102,1958.691588,40.043954,2207.141644,1061.91304,1137686.48,169.7166869,8042.150256,561.3634919,90.10048949,3.759602338,2.210123293,5.022938673,0.069802661,8042.150256,561.3634919,126.9230769,0.143446404,0.065248166,14,520,gait_slow
-0.570420048,-2.082501193,0.198448687,2.211945852,0.351696265,0.24684216,0.315328687,0.304829747,0.123690263,0.060931052,0.099432181,0.092921175,1.77,1.262,1.453,1.495753801,0.055,-1.527,0.703,3.15571133,-1.715,-2.789,-0.75,1.65995753,1.973719992,2.141115831,2.441757695,0.137810673,0.670126327,2.097079463,0.372577592,2.232851457,418.9527454,274.1051823,1977.199724,36.05551275,2.984720764,4,0,26,38,376.320068,3685.308024,116.326184,4177.954276,1853.610624,3468499.015,933.7200601,24627.82851,2015.328512,164.9763402,4.290260825,2.416009751,5.202434444,0.081831352,24627.82851,2015.328512,93.07875895,0.275409223,0.075641506,14,838,gait_normal
-0.687004808,-1.808514423,0.299793269,2.38075084,0.753252253,1.187739626,0.422011273,0.56640035,0.567388957,1.410725418,0.178093515,0.320809356,5.64,5.996,2.453,4.503933906,1.105,2.465,1.363,4.88866628,-4.535,-3.531,-1.09,0.384732375,1.992480157,2.31884904,2.719084676,0.237908285,1.019492306,2.163665833,0.517657724,2.447199199,725.1968311,747.3423448,11235.57408,12.5,3.268134615,18,4,22,38,864.751316,3894.966264,222.95064,4982.66822,1980.784699,4034543.991,4133.180906,84308.14877,8011.292889,481.6131616,5.413541181,3.263426098,5.813288917,0.095023945,84308.14877,8011.292889,97.35576923,0.270551705,0.086777961,16,832,gait_fast
0.570310976,-1.942402439,0.029304878,2.037191152,0.221407542,0.372105196,0.156393164,0.401042678,0.0490213,0.138462277,0.024458822,0.16083523,1.242,1.914,0.8,1.996571274,1.34,-1.383,0.312,3.417141934,0.098,-3.297,-0.488,1.42057066,1.769233773,1.924161809,2.172449033,0.196860603,0.611780932,1.977723315,0.159115045,2.076290687,480.8874643,422.0207829,2736.810415,41.90763654,2.642067073,0,0,16,26,122.762498,1282.93576,8.304172,1414.00243,668.1986978,455141.1484,169.643684,7228.757975,490.7561822,163.6408919,3.939573716,2.697333118,5.407307828,0.067889419,7228.757975,490.7561822,118.902439,0.146846481,0.063573455,10,328,gait_slow
0.574755459,-1.943480349,-0.006840611,2.043948745,0.217571685,0.398883952,0.188429115,0.414404878,0.047337438,0.159108407,0.035505531,0.171731403,1.231,1.957,1.004,1.971431051,1.305,-1.242,0.309,3.307768583,0.074,-3.199,-0.695,1.336337532,1.731718511,1.990066743,2.241628203,0.202747196,0.614557788,1.983992005,0.188553243,2.085535393,460.3207297,373.0429762,2298.757817,7.5,2.66091048,0,0,69,59,345.956048,3605.581436,32.56593,3984.103414,1872.257051,3577392.595,1983.581498,63366.99426,4261.045993,275.8548412,4.982378646,2.860291642,5.56909334,0.067243934,63366.99426,4261.045993,108.0786026,0.225190891,0.06300709,14,916,gait_normal
0.548884783,-1.999969565,0.039226087,2.096264297,0.262232866,0.518398293,0.219922439,0.54243543,0.068766076,0.26873679,0.048365879,0.294236196,1.476,2.469,1.035,2.526753992,1.449,-1.121,0.41,3.718546759,-0.027,-3.59,-0.625,1.191792767,1.621106273,2.00231783,2.493618329,0.258762901,0.608309609,2.066062693,0.223393297,2.165308338,496.3098562,365.0228325,2856.179704,24.49489743,2.733884783,2,0,52,32,340.437334,3927.125848,45.9122,4313.475382,1928.563153,3843876.593,2171.312376,113271.2666,4999.369722,387.206619,5.0725518,2.966150757,5.632409531,0.044136257,113271.2666,4999.369722,88.04347826,0.275712096,0.042270591,16,920,gait_fast
-0.381613187,-1.915542857,-0.445538462,2.021705113,0.193547813,0.257688878,0.177568294,0.248074245,0.037460756,0.066403558,0.031530499,0.061540831,1.273,1.567,0.852,1.49335363,0.398,-1.398,-0.109,3.017628539,-0.875,-2.965,-0.961,1.52427491,1.847096148,1.983148507,2.150057018,0.122705455,0.427889449,1.932797971,0.479619662,2.036868281,299.1885217,202.7947167,1396.032324,26.57536453,2.755323077,12,0,0,43,166.611336,3399.494276,209.331868,3775.43748,1839.751653,3410167.126,576.5067846,22421.49928,1847.971717,21.76690345,3.733181993,1.951397491,4.820366746,0.082419632,22421.49928,1847.971717,115.3846154,0.205138994,0.076143881,8,910,gait_slow
-0.359438776,-1.931239796,-0.461530612,2.033996633,0.168017587,0.28558546,0.184205974,0.280129242,0.02822991,0.081559055,0.033931841,0.078472392,1.054,1.352,1.015,1.393909702,0.238,-1.402,-0.012,2.883053416,-0.816,-2.754,-1.027,1.489143714,1.818059701,1.990014339,2.200126845,0.137723553,0.396769634,1.952241328,0.49693294,2.053196214,337.1648797,243.7581868,1745.184446,37.41657387,2.757132653,5,0,0,50,123.422096,2988.017024,193.6028,3305.04192,1594.65336,2567036.102,871.204496,18644.16081,3347.362582,65.07367912,4.188111284,2.353370846,5.184258726,0.179539461,18644.16081,3347.362582,118.622449,0.175266147,0.152211492,14,784,gait_normal
-0.322087054,-2.126064732,-0.416774554,2.211383885,0.189810382,0.353378083,0.270360029,0.375995015,0.036027981,0.124876069,0.073094545,0.141372251,1.074,1.84,1.175,1.812509178,0.199,-1.414,0.105,3.277836787,-0.875,-3.254,-1.07,1.465327608,1.916494627,2.118697928,2.434102398,0.170027021,0.373855656,2.155232543,0.496785239,2.243120804,445.0985773,284.0752537,1870.705081,12.5,2.872113839,13,0,12,50,125.232174,4161.944474,221.128834,4508.305482,1981.399961,3982693.759,2144.10826,41412.52461,5916.436312,94.54737244,4.702428096,2.606662617,5.387800707,0.142865869,41412.52461,5916.436312,113.8392857,0.12269996,0.125006681,14,896,gait_fast
-0.196708046,1.8448,-0.821308046,2.042172999,0.143900092,0.367662106,0.198899979,0.376166595,0.020707237,0.135175424,0.039561202,0.141501307,0.828,2.105,0.863,1.962295804,0.203,3.113,-0.352,3.230015015,-0.625,1.008,-1.215,1.267719212,1.768614585,1.925345424,2.266771621,0.184199182,0.243723803,1.881080132,0.845049175,2.076528802,424.836821,346.5436985,2753.419465,22.36067977,2.876232184,36,0,0,50,51.679124,3078.462344,621.274054,3751.415522,1776.690509,3210180.334,1996.51607,45742.32159,5930.768521,77.57222875,4.780396032,2.878291075,5.593128064,0.129656045,45742.32159,5930.768521,117.2413793,0.193345682,0.114774799,12,870,gait_slow
-0.331377155,1.867262931,-0.788407328,2.06723616,0.14826067,0.495421559,0.230051971,0.514733041,0.021981226,0.245442521,0.05292391,0.264950104,0.922,2.355,1.039,2.30154574,0.152,3.363,-0.383,3.654489568,-0.77,1.008,-1.422,1.352943827,1.690679109,1.882281582,2.347726115,0.248995761,0.363031741,1.931867846,0.821285592,2.130355708,248.4637535,393.5404808,2598.924056,0,2.988926724,8,0,0,38,244.606036,6926.802424,1251.890604,8423.299064,3836.790313,15177301.48,391.6252391,141924.0348,3422.956415,5099.496201,5.496076271,2.76295838,5.456846573,0.024118229,141924.0348,3422.956415,88.90086207,0.32574511,0.023550239,12,1856,gait_normal
-0.222336384,1.928286041,-0.678505721,2.085128628,0.245906549,0.652628285,0.24463901,0.653124104,0.060470031,0.425923678,0.059848245,0.426571096,1.535,3.172,1.18,3.173271261,0.625,3.84,-0.164,4.029364714,-0.91,0.668,-1.344,0.856093453,1.578936984,2.031495262,2.502845181,0.313229647,0.331516966,2.035733464,0.721261574,2.185024598,335.391764,468.2448392,3439.448539,0,2.878569794,55,0,0,43,192.111316,7244.080364,909.341516,8345.533196,3644.804842,13936297.18,1218.3475,331788.4471,6192.194382,6370.487794,5.979077199,3.179311787,5.730749239,0.01866308,331788.4471,6192.194382,104.6910755,0.212263987,0.018321151,16,1748,gait_fast
-0.225067391,2.012745652,-0.173013043,2.043693125,0.151174467,0.355746665,0.141141926,0.35267941,0.022853719,0.12655569,0.019921043,0.124382766,1.207,1.684,0.711,1.68490234,0.348,3.18,0.16,3.219319493,-0.859,1.496,-0.551,1.534417153,1.792681665,1.944955559,2.153289248,0.172569651,0.271125524,2.043942453,0.223281339,2.073900759,203.0353465,331.4194558,2444.139675,0,2.440517391,24,0,28,48,135.256652,7686.96938,91.732384,7913.958416,3760.395351,14351128.34,897.3837854,95902.58378,2480.058174,2655.248512,5.345220715,2.690243287,5.394381097,0.025860181,95902.58378,2480.058174,86.41304348,0.266248038,0.02520829,12,1840,gait_slow
-0.146926437,2.023429885,-0.179183908,2.044832664,0.124342165,0.365389066,0.121761565,0.361134528,0.015460974,0.133509169,0.014825879,0.130418148,0.805,1.578,0.59,1.559560389,0.309,3.129,0.09,3.132470431,-0.496,1.551,-0.5,1.572910042,1.792056361,1.938580151,2.190167573,0.176608353,0.192479484,2.056156042,0.216639682,2.076477491,172.4042734,266.8773824,1648.351449,0,2.372068966,30,0,15,52,64.464132,7356.333144,81.662988,7502.460264,3558.008836,12856853.87,657.2632311,74980.19897,1459.900816,2090.050231,4.869837423,2.434026509,5.191865053,0.019470485,74980.19897,1459.900816,86.20689655,0.246201294,0.019098625,10,1740,gait_normal
-0.199833713,2.061109339,-0.207724374,2.09460421,0.166263129,0.51660627,0.150790232,0.511029352,0.027643428,0.266882038,0.022737694,0.261150999,0.898,2.297,0.906,2.29353397,0.32,3.613,0.211,3.668057524,-0.578,1.316,-0.695,1.374523554,1.656185376,2.016975458,2.363859556,0.243974184,0.259955652,2.124865583,0.256684844,2.15604216,238.1645509,380.1281008,2675.43104,0,2.507273349,33,0,17,44,118.665108,7928.43438,115.697764,8162.797252,3678.124993,13931237.72,2223.285645,76915.1837,5859.958008,4403.426201,5.766978172,3.093892823,5.667935056,0.076187272,76915.1837,5859.958008,90.54669704,0.293323135,0.070793693,14,1756,gait_fast
-0.677135714,1.934004762,0.032295238,2.063185252,0.139034625,0.178696164,0.185644087,0.170069008,0.019330627,0.031932319,0.034463727,0.028923467,0.89,0.949,0.95,0.904075429,-0.266,2.527,0.559,2.630990308,-1.156,1.578,-0.391,1.726914879,1.954121329,2.038823402,2.178589755,0.082430314,0.691262181,1.942242708,0.188432241,2.070182806,98.07310975,125.5995671,842.4703259,0,2.761588095,0,0,32,44,802.776916,6337.47532,59.651272,7199.903508,3466.151223,12055021.1,30.06275797,19362.28612,236.7816669,342.1924522,3.544820399,1.405968919,4.13425222,0.012229014,19362.28612,236.7816669,91.07142857,0.311261948,0.012081272,13,1680,gait_slow
-0.560398907,1.980871585,-0.000896175,2.07379877,0.170083937,0.381859045,0.2114052,0.395848038,0.028928546,0.145816331,0.044692159,0.156695669,1.168,1.789,1.235,1.856380063,-0.109,3.121,0.551,3.22873133,-1.277,1.332,-0.684,1.372351267,1.768523113,2.001529538,2.294272434,0.190880641,0.585641085,2.017341956,0.2114071,2.111240632,171.6528012,237.5029257,1274.313541,0,2.710871585,0,0,29,38,502.116104,5957.99478,65.430496,6525.54138,3036.0414,9385469.98,55.15434562,58956.55533,230.7704008,1164.6934,4.264878231,1.831764313,4.643800586,0.003914245,58956.55533,230.7704008,77.86885246,0.304176912,0.003898983,12,1464,gait_normal
-0.674922737,2.081103753,0.102203091,2.211679097,0.3227544,0.554073074,0.180009046,0.590766625,0.104170402,0.306996972,0.032403257,0.349005205,1.707,2.356,0.933,2.644463819,-0.023,3.465,0.453,3.831539638,-1.73,1.109,-0.48,1.187075819,1.718840889,2.051981725,2.68592256,0.26711227,0.748125059,2.153599267,0.206999344,2.289220311,229.8332784,321.4059021,2205.427963,0,2.932582781,0,0,45,33,1014.16028,8404.03752,77.641896,9495.839696,4007.562524,16633509.46,601.2123456,95563.57154,2029.881003,3577.896082,5.383804289,2.416559621,5.187459544,0.021241159,95563.57154,2029.881003,81.12582781,0.287546796,0.020799356,14,1812,gait_fast
-0.509406417,-1.920136364,-0.383024064,2.035544489,0.152187791,0.337408257,0.159381079,0.334802034,0.023161124,0.113844332,0.025402328,0.112092402,1.071,1.804,0.789,1.646855516,0.219,-1.145,-0.055,3.046502257,-0.852,-2.949,-0.844,1.399646741,1.81481156,1.962337971,2.180611153,0.164477876,0.531654043,1.949555843,0.414861136,2.062894513,154.5874969,225.4216152,1948.935607,0,2.815016043,2,0,0,40,422.853408,5685.948908,257.476204,6366.27852,3045.174556,9398520.371,202.7474264,72985.47812,595.373589,1070.281401,4.700765736,2.052982396,4.860762789,0.008157425,72985.47812,595.373589,68.18181818,0.330537031,0.00809142,16,1496,gait_slow
-0.447009029,-2.013564334,-0.412006772,2.140601353,0.220393451,0.615151516,0.332890098,0.616144712,0.048573273,0.378411388,0.110815817,0.379634306,1.25,3.34,1.844,3.347899753,0.18,-0.879,0.199,4.300438466,-1.07,-4.219,-1.645,0.952538713,1.731571829,2.004309607,2.513523821,0.287837206,0.498387746,2.105434092,0.529684243,2.227511719,260.9542621,382.0303774,2664.11688,0,2.88713544,6,0,17,35,440.147692,7855.015012,497.161884,8792.324588,3793.145597,14983976.35,615.570217,186641.1204,2227.143923,4327.700254,5.735869551,2.644261052,5.37144918,0.011932761,186641.1204,2227.143923,88.03611738,0.3084348,0.01179205,14,1772,gait_normal
-1.504082005,-1.412218679,-0.594027335,3.151288613,2.217590789,1.839831947,0.930104378,1.96128975,4.917708909,3.384981592,0.865094154,3.846657482,11.715,10.195,5.61,8.93233986,3.715,2.195,1.965,9.588538001,-8,-8,-3.645,0.656198141,1.728175049,2.456900079,4.101707571,0.622377062,2.679546899,2.319341111,1.103613442,3.711775505,1240.965671,2049.441565,14255.58509,0,4.646974943,24,17,40,46,12608.0301,9446.12664,2138.742376,24192.89912,5533.662804,36552077.44,20266.03886,5078215.678,69490.19811,92642.90492,7.299729553,4.102591655,6.212934035,0.013683979,5078215.678,69490.19811,85.4214123,0.180458946,0.013499256,22,1756,gait_fast
-1.186470862,1.687251748,-0.331585082,2.102820985,0.138621207,0.371230879,0.171872765,0.359433713,0.019215839,0.137812366,0.029540247,0.129192594,0.829,2.062,0.949,1.964034763,-0.816,3.16,0.062,3.472451152,-1.645,1.098,-0.887,1.508416388,1.809650242,2.077188484,2.299084383,0.170929297,1.194541312,1.727608413,0.373482146,2.133318703,175.9101792,259.5366305,1645.831857,0,3.206454545,0,0,9,47,2448.610072,5121.6265,239.362976,7809.599548,3608.44081,13211058.95,218.2424954,50099.75202,1144.708062,1922.450085,4.971208338,2.372313864,5.145843197,0.022848577,50099.75202,1144.708062,108.3916084,0.236496419,0.022338182,14,1716,gait_slow
-1.244502119,1.825154661,-0.280855932,2.256703087,0.322986514,0.664853635,0.224411916,0.68033642,0.104320288,0.442030355,0.050360708,0.462857644,1.406,2.84,1.008,3.046748891,-0.559,3.578,0.219,4.0909912,-1.965,0.738,-0.789,1.044242309,1.731086441,2.246511434,2.720522348,0.301473607,1.285731625,1.942477771,0.359500713,2.357024918,295.8412567,418.5950551,3014.852816,0,3.364627119,0,0,27,43,3121.063772,7123.839156,244.00656,10488.90949,4260.655428,18978122.89,1405.511816,117633.3915,7463.210606,6691.533839,5.899141422,3.023774664,5.627825096,0.063444661,117633.3915,7463.210606,108.0508475,0.220192508,0.059659579,16,1888,gait_normal
-1.069180556,2.154287037,-0.299587963,2.54556887,0.669499799,1.126543041,0.319764188,1.101594351,0.448229981,1.269099223,0.102249136,1.213510114,3.16,4.586,1.719,4.985288981,0.93,5.043,0.547,5.446707446,-2.23,0.457,-1.172,0.461418465,1.763417927,2.450811473,3.338480376,0.432749773,1.261497936,2.431059823,0.438180423,2.773703478,498.9684489,680.1742514,4098.014001,0,3.593222222,22,0,53,36,2749.899528,10212.56962,331.7796,13294.24874,4398.743007,21160700.94,556.7902491,1334866.019,6872.417846,13257.70664,6.052052017,2.88839187,5.552011934,0.005148395,1334866.019,6872.417846,86.80555556,0.274666888,0.005122025,22,1728,gait_fast
-0.746974684,-1.852263291,-0.462286076,2.070784731,0.206413225,0.376151581,0.23582357,0.39257952,0.04260642,0.141490012,0.055612756,0.15411868,1.164,2.008,1.442,2.052336748,-0.215,-1.301,-0.031,3.565893156,-1.379,-3.309,-1.473,1.513556408,1.793954849,1.981687412,2.214983521,0.189580073,0.774969417,1.890071245,0.518961629,2.107668874,204.8400024,315.3337549,1864.167039,0,3.061524051,0,0,0,47,948.912604,5644.343512,425.527452,7018.783568,3271.839875,10897307.1,399.6708834,93141.88756,1150.371133,2104.222015,5.166707416,2.448975326,5.211932919,0.012350739,93141.88756,1150.371133,79.74683544,0.34062196,0.012200059,12,1580,gait_slow
-0.672764286,-1.64462381,-0.643814286,2.06988173,0.525891926,0.801471775,0.486068826,0.665332958,0.276562318,0.642357006,0.236262904,0.442667945,4.105,6.094,3.004,5.421540279,1.078,0.676,0.02,5.923778271,-3.027,-5.418,-2.984,0.502237991,1.655967441,1.957698903,2.384064271,0.321435253,0.853916918,1.829520287,0.806696807,2.174184519,281.6829845,427.7101107,3726.855243,0,3.098630952,6,2,2,39,1225.012492,5623.202728,1093.27636,7941.49158,3477.401306,12717012.85,302.3279136,139109.578,1595.694199,4218.945091,5.705641158,2.497779643,5.262915175,0.011470772,139109.578,1595.694199,100,0.257254673,0.011340685,12,1680,gait_normal
-0.632241453,-1.766002137,-0.616401709,2.157955504,0.56826664,0.895700145,0.474341429,0.769335705,0.322926974,0.80227875,0.224999792,0.591877426,3.371,4.996,3.082,3.937471004,1.332,0.723,0.078,4.515403526,-2.039,-4.273,-3.004,0.577932522,1.461774723,2.095933653,2.763120083,0.356511385,0.850091894,1.98016219,0.77778587,2.2909931,407.1918132,536.8936336,2843.033151,0,3.104897436,15,2,12,38,1352.81246,7340.19118,1132.468008,9825.471648,4039.692704,17356200.03,1265.706473,216667.0056,8239.089026,8274.024158,6.130322365,2.983326199,5.606635486,0.038026505,216667.0056,8239.089026,88.14102564,0.305008039,0.036633463,16,1872,gait_fast
-0.391135632,2.165512644,-0.171485057,2.241288873,0.232009101,0.593680356,0.282379823,0.578347957,0.053828223,0.352456365,0.079738365,0.33448636,1.59,2.825,1.367,2.805313759,0.559,3.723,0.387,3.777959635,-1.031,0.898,-0.98,0.972645876,1.953921631,2.181961274,2.576717905,0.258042577,0.454769508,2.245417862,0.330371745,2.314705634,381.3079781,413.6927044,3241.838791,12.74754878,2.846666667,18,0,38,31,89.964658,2193.227098,47.478288,2330.670044,974.9606596,982194.7638,818.8537678,29013.17126,1946.844262,436.4616051,4.114084593,2.268601166,3.985444029,0.067102084,29013.17126,1946.844262,96.55172414,0.138016378,0.062882535,14,435,gait_slow
-0.432168919,2.231578829,-0.135608108,2.308794676,0.250411941,0.621045486,0.289925689,0.622118386,0.06270614,0.385697496,0.084056905,0.387031286,1.39,3.172,1.25,3.211702067,0.16,3.953,0.355,4.004107266,-1.23,0.781,-0.895,0.792405199,1.932201041,2.235390634,2.759300476,0.269455917,0.49947584,2.316385453,0.320072592,2.391142853,290.5428954,251.4315318,1787.520979,17.5,2.941558559,11,0,24,28,110.767395,2382.344855,45.48623,2538.59848,1025.104836,1088988.612,916.6394012,34755.4543,2273.91593,400.2474288,4.122101388,2.175839587,4.060923036,0.06542616,34755.4543,2273.91593,101.3513514,0.09663734,0.061408442,12,444,gait_normal
-0.403165563,2.866286976,-0.019280353,3.021394157,0.693149262,1.186318403,0.560274269,1.204743576,0.4804559,1.407351353,0.313907257,1.451407085,3.422,5.136,2.82,5.527547454,0.684,6.238,1.152,6.656213037,-2.738,1.102,-1.668,1.128665584,2.03962374,2.778715711,3.76003883,0.39873764,0.801871792,3.10208839,0.560605912,3.252726509,694.8584343,682.5684945,5697.078747,21.50581317,3.902437086,39,0,26,43,291.278262,4359.197428,142.368382,4792.844072,1368.691553,2022235.306,7877.263716,101053.1771,39223.49638,1614.0001,4.971109803,3.007378703,4.512263193,0.388147087,101053.1771,39223.49638,112.5827815,0.093273791,0.279615245,24,453,gait_fast
0.424967391,-2.022082609,-0.15628913,2.096342591,0.239251035,0.335094123,0.232988722,0.350716789,0.057241058,0.112288071,0.054283745,0.123002266,1.476,1.778,0.937,1.876021985,1.023,-1.281,0.32,3.210469436,-0.453,-3.059,-0.617,1.334447451,1.874938895,2.06448655,2.322126511,0.167299367,0.487686725,2.049660008,0.280553091,2.125477482,287.99648,331.2894381,3018.866716,14.14213562,2.706921739,10,0,19,46,109.405637,1932.508828,36.206617,2078.121082,964.317592,942922.0405,545.6628159,10307.96169,1875.972045,525.282719,4.036706002,2.402412895,4.301695477,0.181992532,10307.96169,1875.972045,104.3478261,0.150814087,0.153970966,14,460,gait_slow
0.381172093,-2.176076744,0.023876744,2.253210062,0.391190601,0.414011696,0.256903115,0.441193449,0.153030087,0.171405685,0.06599921,0.194651659,1.813,2.012,1.172,2.089752377,1.395,-1.238,0.633,3.402963708,-0.418,-3.25,-0.539,1.313211331,1.928947339,2.265902798,2.518212235,0.195806621,0.546188842,2.215110761,0.258010289,2.295998093,351.5718339,290.9173018,1960.906997,12.74754878,2.802544186,31,0,26,42,128.278568,2109.887743,28.624803,2266.791114,968.8803266,956724.5734,1316.518106,13980.9207,2614.690366,479.8036311,3.928148944,2.183298449,3.908361187,0.187018468,13980.9207,2614.690366,111.627907,0.144443761,0.157553124,16,430,gait_normal
0.442698851,-2.501956322,0.178429885,2.662364449,0.723639746,0.628803557,0.393998695,0.688261463,0.523654482,0.395393913,0.155234972,0.473703841,3.852,3.238,2.136,3.151057652,3.129,-0.914,1.195,4.218824481,-0.723,-4.152,-0.941,1.067766828,2.08931484,2.617061138,3.257619997,0.258515119,0.848314066,2.579763429,0.432518434,2.749888779,590.6893382,480.2691882,3544.083097,23.71708245,3.464473563,39,0,28,36,313.041988,2895.003017,81.376405,3289.42141,1158.128535,1386079.543,3654.471136,32917.03093,7817.316137,1028.620099,4.443478039,2.651883526,4.458001302,0.237485457,32917.03093,7817.316137,124.137931,0.146686588,0.191909695,16,435,gait_fast
-0.334817768,2.169879271,-0.208927107,2.237017866,0.283010481,0.426898836,0.229158298,0.418009171,0.080094933,0.182242616,0.052513525,0.174731667,2.191,2.312,1.898,2.26824524,0.996,3.367,1.164,3.408837192,-1.195,1.055,-0.734,1.140591952,1.990293947,2.216995715,2.545425539,0.186860006,0.438403775,2.21147432,0.310103308,2.275737375,419.9765678,432.6469671,3383.568752,26.69269563,2.814079727,18,0,36,43,84.374865,2146.981595,42.216023,2273.572483,982.0508431,981261.003,1265.02623,14051.01093,2008.094495,328.4212713,4.092849525,2.516570855,4.56396834,0.142914592,14051.01093,2008.094495,95.67198178,0.144942347,0.125043982,12,439,gait_slow
-0.272547619,2.209891775,-0.243645022,2.265536763,0.232611759,0.457192422,0.2399793,0.453136999,0.05410823,0.20902491,0.057590064,0.20533314,1.488,2.297,1.352,2.324452173,0.527,3.488,0.473,3.545609821,-0.961,1.191,-0.879,1.221157647,1.999509751,2.258275738,2.599938598,0.200013086,0.358316111,2.256689293,0.341983861,2.310409047,485.7422578,437.9632203,3198.257338,30.31088913,2.789664502,43,0,52,50,59.316381,2352.802714,54.032268,2466.151363,1046.677984,1117447.692,1820.981874,17362.93065,3728.424164,414.9064428,4.145089118,2.531400599,4.597267479,0.214734726,17362.93065,3728.424164,97.4025974,0.161529678,0.176774996,16,462,gait_normal
-0.23797907,2.484665116,-0.174737209,2.577814918,0.461973599,0.543091482,0.431136598,0.556637088,0.213419607,0.294948358,0.185878766,0.309844847,2.73,3.008,2.172,2.982308715,0.902,4.555,0.742,4.586321184,-1.828,1.547,-1.43,1.604012469,2.138778286,2.457351006,2.990072232,0.21593369,0.519666859,2.543326384,0.465200879,2.637228583,738.1779963,478.5301902,3908.392412,89.79142498,3.239432558,63,0,42,46,116.123067,2781.458912,93.057099,2990.639078,1108.460415,1257329.504,2177.435689,18512.02252,7533.965205,1138.579178,4.531261356,2.87334689,4.526488446,0.406976882,18512.02252,7533.965205,125.5813953,0.116998211,0.289256268,16,430,gait_fast
-0.454166287,1.930271071,-0.507341686,2.055639954,0.095183923,0.213952056,0.1566671,0.208166829,0.009059979,0.045775482,0.02454458,0.043333429,0.547,1.305,0.656,1.225971853,-0.195,2.664,-0.18,2.749222981,-0.742,1.359,-0.836,1.523251128,1.911079523,2.008297538,2.168514917,0.101266191,0.464033399,1.942092142,0.530980382,2.066153201,189.2320591,164.8302663,1157.332601,12.74754878,2.891779043,0,0,0,49,94.528551,1655.785909,123.771733,1874.086193,902.4259399,818548.037,776.9113979,2460.54091,1571.051559,98.93941173,3.341561221,1.980034929,3.882197417,0.638498451,2460.54091,1571.051559,102.5056948,0.197556502,0.389685111,11,439,gait_slow
-0.558562372,1.92790184,-0.522811861,2.105593078,0.296874483,0.379704231,0.240695714,0.39856198,0.088134459,0.144175303,0.057934427,0.158851652,1.769,2.207,1.261,2.129821281,0.027,3.074,0.07,3.342956476,-1.742,0.867,-1.191,1.213135194,1.817984873,2.0348597,2.373576626,0.189287277,0.632555438,1.964937864,0.575557702,2.142982469,394.1340987,368.6609617,2242.060994,17.32050808,3.00996319,2,0,2,56,195.661801,1888.019616,161.989401,2245.670818,1029.635015,1079140.632,1343.024619,13236.1189,4215.807507,1386.129364,4.375379699,2.727390225,4.167580188,0.31850783,13236.1189,4215.807507,104.2944785,0.075156088,0.241566885,18,489,gait_normal
-0.471002208,2.093262693,-0.559300221,2.255545178,0.313629937,0.6874178,0.317468064,0.707543222,0.098363737,0.472543231,0.100785972,0.50061741,2.242,3.585,1.567,3.951849148,0.09,4.355,0.262,4.964237907,-2.152,0.77,-1.305,1.012388759,1.767286621,2.097943279,2.690622419,0.313690556,0.565868197,2.203245772,0.643119513,2.363916551,812.2283423,954.7073844,5948.820261,39.52847075,3.128448124,4,0,8,56,145.053688,2198.994246,187.362027,2531.409961,1021.761966,1095362.568,4886.967512,35080.1669,9468.228091,5921.483697,5.300504065,4.215198044,5.278317686,0.269902595,35080.1669,9468.228091,125.8278146,0.118488422,0.21253803,18,453,gait_fast
-0.490933902,1.929095949,-0.499353945,2.065422799,0.154921529,0.315323466,0.198668571,0.329710583,0.02400068,0.099428888,0.039469201,0.108709069,1.5,1.703,1.008,1.879501969,0.031,3.23,-0.043,3.512215967,-1.469,1.527,-1.051,1.632713998,1.863519788,1.969034535,2.132423269,0.159633458,0.514797801,1.954696925,0.537423076,2.091573668,258.9645332,271.712891,2357.482768,10.89724736,2.919515991,2,0,0,47,124.292868,1791.973992,135.458251,2051.725111,968.6832927,950303.1903,2102.566925,8323.138892,3316.152052,274.6870691,3.781526855,2.224629628,3.906228066,0.398425653,8323.138892,3316.152052,102.3454158,0.190839083,0.284910143,11,469,gait_slow
-0.554291667,2.018328704,-0.425912037,2.15841098,0.165100609,0.512732299,0.285952456,0.524856688,0.027258211,0.26289441,0.081768807,0.275474543,0.992,2.445,1.207,2.489882116,-0.078,3.656,0.102,3.885613465,-1.07,1.211,-1.105,1.39573135,1.749015937,2.022832175,2.456855748,0.243168096,0.578357556,2.082437314,0.513000848,2.221308736,439.5808466,435.6245372,3215.045684,21.36000936,3.005009259,0,0,12,31,144.502904,1873.387512,113.689384,2131.5798,932.4335432,895137.355,846.7882285,20260.21006,3549.119377,1682.353911,4.239912361,2.73366002,4.339385363,0.17517683,20260.21006,3549.119377,104.1666667,0.044629998,0.149064231,14,432,gait_normal
-0.640119306,2.132704989,-0.420563991,2.319276245,0.369379894,0.696023334,0.372515263,0.718103526,0.136441506,0.484448481,0.138767621,0.515672674,2.035,3.583,1.754,3.586272432,0.094,4.438,0.453,4.681095705,-1.941,0.855,-1.301,1.094823273,1.729327615,2.198660956,2.912818051,0.309623973,0.739049546,2.24340791,0.561819982,2.427903412,625.3212805,662.9179517,4657.893166,24.49489743,3.231744035,4,0,24,47,251.795541,2320.157243,145.51082,2717.463604,1069.186349,1197954.937,1221.159974,46785.93048,4300.61528,3059.036368,4.94083711,3.594216155,5.15649124,0.091921123,46785.93048,4300.61528,117.1366594,0.087439549,0.084182933,16,461,gait_fast
0.996479029,-1.73787638,-0.303821192,2.036702395,0.147410069,0.290540112,0.103717698,0.272462989,0.021729729,0.084413556,0.010757361,0.074236081,0.852,1.458,0.465,1.465137183,1.43,-1.062,-0.055,2.796069563,0.578,-2.52,-0.52,1.33093238,1.830523422,2.071298626,2.228582285,0.133776535,1.007323276,1.761995422,0.321036879,2.054846157,250.1516571,174.1168542,1016.273831,23.71708245,3.0381766,0,0,0,38,459.659183,1406.396424,46.688299,1912.743906,922.6261852,858855.9821,496.4331738,6418.988234,827.6551147,186.8804148,3.633836637,1.956069046,3.935093352,0.128938562,6418.988234,827.6551147,125.8278146,0.133166562,0.114212205,10,453,gait_slow
0.943329519,-2.036089245,-0.200592677,2.28094934,0.353727185,0.36647342,0.171695712,0.402420963,0.125122921,0.134302768,0.029479418,0.161942632,1.723,1.805,0.922,1.952880276,1.848,-1.297,0.258,3.307602757,0.125,-3.102,-0.664,1.354722481,1.980562546,2.27475647,2.560910385,0.176426962,1.00746886,2.068806946,0.264039466,2.316176272,355.7232625,244.7668328,1340.98145,22.63846285,3.200194508,0,0,25,49,443.552161,1870.343473,30.466259,2344.361893,996.7748616,1009022.855,1385.484975,11685.90787,3148.251387,351.4696429,4.040528047,2.483069784,4.422186465,0.269405803,11685.90787,3148.251387,116.7048055,0.139367993,0.21222985,14,437,gait_normal
1.231849315,-2.584700913,0.168262557,3.069662363,1.065091151,0.72125394,0.391719505,0.782104462,1.13441916,0.520207246,0.153444171,0.611687389,4.387,3.629,1.989,3.861002874,3.352,-1.059,1.145,5.205671234,-1.035,-4.688,-0.844,1.344668361,2.468763063,3.098728614,3.618961648,0.254785175,1.628456906,2.683446675,0.42632905,3.167730167,1174.555133,865.6495807,5508.090073,71.41428429,4.277114155,26,0,56,60,1161.51989,3153.988093,79.609329,4395.117312,1344.512115,1866387.061,3535.142129,41544.14836,7283.680826,3611.276701,4.88596206,3.468305909,5.18956731,0.175323869,41544.14836,7283.680826,123.2876712,0.066322062,0.149170687,18,438,gait_fast
-0.512931264,1.829946785,-0.767392461,2.057577768,0.106751664,0.27081265,0.165099429,0.281179422,0.011395918,0.073339492,0.027257822,0.079061867,0.512,1.586,0.695,1.518929679,-0.246,2.836,-0.414,3.081364957,-0.758,1.25,-1.109,1.562435279,1.861896089,1.9706027,2.156426556,0.13665555,0.523922131,1.849876949,0.784951598,2.076701263,151.2758159,110.3898665,825.4847061,7.5,3.11027051,0,0,0,37,123.796974,1543.342172,277.883204,1945.02235,927.9675732,869164.3638,564.6463404,5829.776737,2112.891901,66.56872412,3.394447301,1.833179183,3.642813726,0.362431015,5829.776737,2112.891901,113.0820399,0.21953075,0.266017884,14,451,gait_slow
-0.453042155,1.865274005,-0.760285714,2.07811601,0.144745236,0.385157849,0.225531997,0.405123383,0.020951183,0.148346569,0.050864682,0.164124955,0.801,1.93,1.031,2.098416686,-0.094,3.246,-0.254,3.50514907,-0.895,1.316,-1.285,1.406732384,1.811402559,1.95960098,2.225853768,0.194947433,0.475603172,1.904624289,0.793031556,2.117236668,227.5108812,208.0187466,2466.396663,14.36140662,3.078601874,0,0,0,34,96.586707,1548.982502,268.539894,1914.109103,887.3555364,802361.7583,1284.83212,11648.89176,3067.966484,118.7946522,3.997007209,2.183867144,3.97056542,0.263369816,11648.89176,3067.966484,119.4379391,0.176948969,0.20846613,14,427,gait_normal
-0.484518957,1.99193128,-0.671575829,2.178994575,0.223564655,0.542066878,0.294178481,0.579572439,0.049981155,0.2938365,0.086540979,0.335904212,1.262,2.571,1.383,2.585649117,0.137,3.723,-0.086,3.919057157,-1.125,1.152,-1.469,1.33340804,1.728959293,2.051683911,2.522267966,0.265981589,0.533610134,2.064370781,0.733181474,2.254755324,350.5856638,398.7853829,5053.836414,12.5,3.148694313,2,0,0,29,120.160185,1798.406477,226.848241,2145.414903,919.5357107,875454.9133,917.555224,22745.55536,6253.474058,560.7077494,4.460389665,2.841611698,4.753013136,0.274931694,22745.55536,6253.474058,106.6350711,0.111766886,0.215644254,14,422,gait_fast
-0.200644592,-1.916887417,-0.498986755,2.015557518,0.247434437,0.307801566,0.193812271,0.30783128,0.061223801,0.094741804,0.037563196,0.094760097,1.243,1.523,0.914,1.467919034,0.391,-1.305,-0.09,2.861665424,-0.852,-2.828,-1.004,1.39374639,1.789205969,1.964215365,2.218405959,0.152727609,0.318562479,1.94144255,0.535304566,2.038929181,224.4133832,173.9776038,1819.536342,21.50581317,2.662125828,37,0,0,35,45.97137,1707.447226,129.807593,1883.226189,913.0475557,843378.5757,474.7522451,8316.474819,1197.09473,104.5900716,3.601063451,1.857924989,3.695306545,0.143942567,8316.474819,1197.09473,105.9602649,0.16427619,0.125830239,12,453,gait_slow
-0.183327231,-1.963560641,-0.47098627,2.057595878,0.297443532,0.494370898,0.221236736,0.509045642,0.088472655,0.244402585,0.048945693,0.259127466,2.015,1.84,1.285,1.877236667,0.773,-1.07,0.168,2.973665415,-1.242,-2.91,-1.117,1.096428748,1.611747189,2.046638708,2.52519722,0.247398261,0.349401672,2.024839,0.52035926,2.119629275,379.110386,291.4979382,3208.214067,24.49489743,2.708354691,54,0,2,34,53.349628,1791.68819,118.328133,1963.365951,899.1693987,833248.2137,460.4035439,22554.704,1786.221799,331.4424381,3.913104692,2.168047515,3.769002144,0.079195089,22554.704,1786.221799,109.8398169,0.041825032,0.073383478,14,437,gait_normal
-0.325577007,-2.050637744,-0.259429501,2.238879993,0.712288144,0.931469308,0.408225999,0.952614049,0.5073544,0.867635073,0.166648466,0.907473526,4.047,5.25,2.664,5.121482175,1.688,0.293,0.875,5.37090551,-2.359,-4.957,-1.789,0.249423335,1.608369982,2.197784566,2.796877723,0.425486874,0.783169705,2.252276677,0.483685985,2.433116756,1439.860226,1037.677137,9953.917257,70,3.033817787,86,4,62,66,282.756557,2338.537856,107.851933,2729.146346,1032.123677,1161705.05,29223.54131,52847.03056,35784.99696,6941.47888,5.57242313,4.437756876,5.144919242,0.677143003,52847.03056,35784.99696,130.1518438,0.039385867,0.403747922,20,461,gait_fast
-0.82397032,1.812493151,-0.464856164,2.059030862,0.223481536,0.20464668,0.121128898,0.216882786,0.049943997,0.041880264,0.01467221,0.047038143,1.332,1.196,0.684,1.475944643,-0.098,2.52,-0.117,2.857707648,-1.43,1.324,-0.801,1.381763004,1.94565443,2.010065171,2.098796229,0.10533246,0.853739471,1.824009782,0.480378459,2.070421752,268.0269368,356.9502916,2677.911966,15.20690633,3.101319635,0,0,0,67,319.245535,1457.231118,101.074397,1877.55105,901.8555175,817855.3288,504.5248748,2600.527774,1702.29356,127.481445,3.532660997,2.292184657,4.529589131,0.654595416,2600.527774,1702.29356,130.1369863,0.199839442,0.395622646,11,438,gait_slow
-1.022539823,1.728230088,-0.289159292,2.046882822,0.299101872,0.281173064,0.157632614,0.345859798,0.08946193,0.079058292,0.024848041,0.119619,2.239,1.246,0.859,1.838784276,0.262,2.617,0.113,3.301188119,-1.977,1.371,-0.746,1.462403843,1.809660756,1.931927408,2.196376015,0.168969026,1.065387075,1.750953321,0.329334385,2.075896984,365.6024375,384.202633,3476.396302,10.60660172,3.043765487,4,0,7,32,513.042428,1385.758564,49.024434,1947.825426,925.1910356,868197.7663,907.746894,10089.86066,1688.778972,336.1945496,3.962839581,2.560732406,4.583761703,0.167373865,10089.86066,1688.778972,126.1061947,0.191694845,0.143376402,14,452,gait_normal
-0.790835526,1.857114035,-0.281390351,2.061408976,0.301452684,0.447190999,0.151590388,0.466797695,0.090873721,0.19997979,0.022979646,0.217900088,3.242,2.141,0.816,2.04903978,1.465,3.121,0.07,3.240255545,-1.777,0.98,-0.746,1.191215766,1.698443088,2.013711856,2.412949427,0.226445941,0.846341864,1.910196935,0.319625054,2.113600496,555.4655061,698.6921321,9651.686705,16.00781059,2.93660307,2,0,8,46,326.630315,1663.876662,46.58504,2037.092017,940.0024931,906256.4048,518.6999168,20322.7699,1327.266979,536.6953981,4.328561864,3.370140114,5.826265153,0.065309354,20322.7699,1327.266979,98.68421053,0.109441998,0.06130553,14,456,gait_fast
-0.711725225,1.895873874,-0.472443694,2.088220499,0.137746294,0.25131419,0.143598536,0.257258886,0.018974042,0.063158822,0.02062054,0.066182134,1.262,1.355,0.707,1.371117266,-0.129,2.738,-0.191,2.967092516,-1.391,1.383,-0.898,1.59597525,1.888322795,2.075069471,2.274058338,0.123195269,0.724932299,1.912458253,0.493784957,2.104007364,291.7792272,451.8907534,4916.013375,7.5,3.080042793,0,0,0,47,233.333916,1623.928476,108.257671,1965.520063,927.1699018,866166.937,1011.271621,4978.057036,1369.354862,106.2225351,3.534597317,2.220271698,4.559622587,0.275078178,4978.057036,1369.354862,121.6216216,0.168732298,0.215734363,12,444,gait_slow
-0.670852874,1.920278161,-0.527022989,2.111244863,0.148510169,0.359023347,0.16700547,0.369802668,0.02205527,0.128897764,0.027890827,0.136754013,1.043,1.953,0.758,1.906877615,-0.215,3.066,-0.148,3.262559731,-1.258,1.113,-0.906,1.355682116,1.842651484,2.042299439,2.340010019,0.175158587,0.687094497,1.953552144,0.552850846,2.143387246,373.1104761,435.840722,4611.392143,3.535533906,3.118154023,0,0,0,53,205.362999,1660.119201,132.955165,1998.437365,918.3915154,856380.1753,982.6725608,9970.480354,1872.721556,996.0474843,3.914427694,2.861555748,4.944905157,0.187826613,9970.480354,1872.721556,110.3448276,0.060663004,0.158126288,14,435,gait_normal
-0.648790805,1.98245977,-0.522786207,2.165278269,0.197317784,0.421773116,0.198102244,0.438204348,0.038934308,0.177892561,0.039244499,0.19202305,1.105,1.98,0.879,2.023265007,-0.172,3.113,-0.09,3.378856759,-1.277,1.133,-0.969,1.355591753,1.843779698,2.09784151,2.440054779,0.202377844,0.678132595,2.026829865,0.55906164,2.209174741,412.3212079,365.6179879,1945.39681,14.57737974,3.154036782,0,0,0,52,200.04076,1786.997096,135.959214,2122.99707,941.8960472,905335.8183,1201.021065,14684.55082,1979.332337,1131.532228,4.068760017,2.701589834,4.465651803,0.134790118,14684.55082,1979.332337,117.2413793,0.047285701,0.118779778,16,435,gait_fast
-0.471085417,1.963514583,0.1823375,2.032010225,0.111328282,0.102408596,0.078893405,0.102946952,0.012393986,0.010487521,0.006224169,0.010598075,0.582,0.742,0.368,0.739622213,-0.094,2.359,0.391,2.448729875,-0.676,1.617,0.023,1.709107662,1.970289382,2.015197137,2.081230921,0.050662615,0.484061418,1.966183369,0.198673434,2.034616335,104.0878756,73.24969635,637.8920363,7.90569415,2.6169375,0,0,0,65,112.471419,1855.620979,18.946144,1987.038542,975.364908,952557.5881,172.2266142,578.1447324,584.7018715,54.31847676,2.322999477,1.247547296,3.13826996,1.011341691,578.1447324,584.7018715,137.5,0.142704681,0.502819434,11,480,gait_slow
-0.40413245,2.004439294,0.15405298,2.06558609,0.216152326,0.306760074,0.091014551,0.295454842,0.046721828,0.094101743,0.008283648,0.087293564,1.324,1.484,0.492,1.433480823,0.211,2.871,0.406,2.923100238,-1.113,1.387,-0.086,1.489619414,1.840708831,2.023304475,2.264146197,0.143036809,0.458306519,2.027776769,0.178930068,2.086609561,275.2319745,216.7908551,1592.032899,23.58495283,2.569057395,12,0,11,62,95.150324,1862.681017,14.503234,1972.334575,935.7104988,884510.7901,2210.283024,4398.511191,4238.000817,291.8617459,3.656990694,2.355471916,3.99115117,0.963508022,4398.511191,4238.000817,112.5827815,0.13016816,0.490707454,14,453,gait_normal
-0.406331887,2.085629067,0.084114967,2.147665939,0.25406991,0.420028063,0.164694412,0.421497204,0.064551519,0.176423574,0.027124249,0.177659893,1.211,1.965,0.875,2.080070211,0.266,3,0.504,3.142534328,-0.945,1.035,-0.371,1.062464117,1.840793579,2.1101154,2.479237383,0.196258271,0.479225543,2.127503744,0.184931276,2.188636306,405.28248,262.4976766,1252.08576,12.5,2.652852495,12,0,44,69,105.871933,2086.611475,15.766005,2208.249413,990.0739978,999124.5791,4316.815694,11084.09773,6581.280222,767.8899605,4.180893199,2.738976225,4.250493793,0.593758769,11084.09773,6581.280222,117.1366594,0.157497734,0.372552472,14,461,gait_fast
-0.599627854,1.912607306,-0.451020548,2.060189769,0.126480135,0.219867252,0.111484594,0.231139711,0.015997225,0.048341608,0.012428815,0.053425566,0.684,1.098,0.554,1.135673089,-0.234,2.586,-0.18,2.765898227,-0.918,1.488,-0.734,1.630225138,1.871704296,2.038322165,2.188442304,0.112193408,0.612821987,1.925203448,0.464594823,2.073115398,165.6624341,171.9404744,2377.88509,7.90569415,2.963255708,0,0,0,51,164.491245,1623.406842,94.541577,1882.439664,902.363119,819383.8065,955.9145038,3725.107728,1245.572442,77.58005534,3.160549415,1.971889636,4.226459541,0.334372193,3725.107728,1245.572442,116.4383562,0.172187216,0.250583904,11,438,gait_slow
-0.597099567,1.947545455,-0.420160173,2.090198709,0.171547612,0.333431641,0.149220515,0.346319397,0.029428583,0.111176659,0.022266762,0.119937124,1.012,1.496,0.727,1.547002844,-0.086,2.887,-0.07,3.023830187,-1.098,1.391,-0.797,1.476827343,1.795814298,2.064133746,2.28046672,0.165687308,0.621253955,1.975882071,0.445871431,2.118694826,227.8608043,183.5759974,1533.217613,10.30776406,2.964805195,0,0,0,41,178.311892,1803.6988,91.846216,2073.856908,965.6718034,945321.7925,535.5706205,10400.58462,2105.591717,232.0064242,3.643622991,2.081951879,3.9761392,0.202449362,10400.58462,2105.591717,103.8961039,0.103193454,0.168364147,12,462,gait_normal
-0.814784897,1.97475286,-0.309141876,2.195895539,0.3548116,0.632718177,0.245213712,0.650759632,0.125891272,0.400332291,0.060129765,0.423488099,1.453,2.633,1.094,2.457737657,-0.246,3.414,0.258,3.513067463,-1.699,0.781,-0.836,1.055329806,1.586466514,2.251890983,2.754841193,0.296352728,0.888687628,2.07363959,0.394586447,2.290293718,458.70899,368.0468788,2193.672719,22.77608395,3.117901602,0,0,32,34,345.127611,1879.091763,68.040229,2292.259603,959.6063504,961280.8648,705.7299526,36943.48891,2438.579656,756.358763,4.11045454,2.721441279,4.587941923,0.066008375,36943.48891,2438.579656,123.5697941,0.065481977,0.061921066,16,437,gait_fast
-0.574433036,1.961808036,-0.356044643,2.082392516,0.103648444,0.278982932,0.139730058,0.277798925,0.010743,0.077831477,0.019524489,0.077172243,0.618,1.528,0.653,1.561193313,-0.312,3.02,-0.027,3.141178123,-0.93,1.492,-0.68,1.57998481,1.901680761,2.029936328,2.206063462,0.133403728,0.583709099,1.981545418,0.382481734,2.100840507,196.9585883,160.0579247,1565.477164,14.14213562,2.892285714,0,0,0,54,152.640908,1759.081966,65.53894,1977.261814,932.9118473,878068.838,1131.996907,5855.05526,1652.326758,119.8879668,3.578260987,1.931094726,3.713304548,0.282205152,5855.05526,1652.326758,100.4464286,0.190702247,0.220093603,8,448,gait_slow
-0.627438178,2.03740564,-0.312004338,2.171911085,0.184898586,0.385391288,0.232462205,0.401997466,0.034187487,0.148526445,0.054038677,0.161601962,0.926,1.821,0.926,1.886806561,-0.234,3.262,0.172,3.457282603,-1.16,1.441,-0.754,1.570476042,1.87883102,2.055820274,2.373451074,0.185089283,0.654114787,2.073535191,0.389082747,2.208800517,368.8402582,312.7131754,2130.541304,12.5,2.99994577,0,0,15,59,197.246297,1982.091714,69.788662,2249.126673,1001.25101,1019675.376,1047.82333,12328.63193,3258.707999,1088.935015,4.334636749,2.694237562,4.429634409,0.264320325,12328.63193,3258.707999,110.6290672,0.130096118,0.2090612,14,461,gait_normal
-0.92962585,2.046131519,-0.250866213,2.29411485,0.361185159,0.542236158,0.293350699,0.601131209,0.130454719,0.294020051,0.086054633,0.36135873,1.883,2.672,1.426,3.055109939,-0.41,3.621,0.418,4.276166858,-2.293,0.949,-1.008,1.221056919,1.852182226,2.28668603,2.644420163,0.262031872,0.997325895,2.116760318,0.385990272,2.371565238,593.6457101,645.5030872,4346.465518,10.60660172,3.298133787,0,0,21,55,438.644593,1975.977342,65.703924,2480.325859,1011.704649,1058683.365,790.8305445,27486.6512,4021.776909,2130.152473,4.852139338,3.570110997,5.316128344,0.146317457,27486.6512,4021.776909,122.4489796,0.101803801,0.127641306,18,441,gait_fast
-0.664868966,1.975227586,-0.213843678,2.107070885,0.176784352,0.35140664,0.163201655,0.361842888,0.031252707,0.123486626,0.02663478,0.130930276,1.023,1.75,0.797,1.802654366,-0.266,3.168,0.223,3.281636787,-1.289,1.418,-0.574,1.47898242,1.829206378,2.029060127,2.329851135,0.171727914,0.687970529,2.006242917,0.269005388,2.137914402,271.3494421,202.2926686,1148.711234,24.74873734,2.866225287,0,0,26,43,205.887,1750.87963,31.478296,1988.244926,916.575835,852498.8713,1469.37378,9208.054968,2937.213828,153.2351628,3.722437459,2.091260575,3.619836128,0.31898309,9208.054968,2937.213828,96.55172414,0.121275275,0.241840166,14,435,gait_slow
-0.703356164,1.995557078,-0.258381279,2.147182804,0.208321277,0.367775983,0.172867657,0.376649693,0.043397754,0.135259174,0.029883227,0.141864992,1.071,1.988,0.769,1.872016403,-0.277,3.234,0.074,3.390201174,-1.348,1.246,-0.695,1.518184771,1.856550503,2.088988487,2.386900586,0.175415755,0.733558211,2.029164169,0.310876361,2.179967657,324.1359722,255.6794218,2189.316389,16.00781059,2.957920091,0,0,10,40,235.69115,1803.468164,42.330121,2081.489435,940.466068,898084.3643,296.3698467,11523.06885,1723.504911,270.643184,3.565464941,1.964358553,3.601868512,0.149569957,11523.06885,1723.504911,95.89041096,0.100625264,0.130109487,14,438,gait_normal
-0.737686364,2.158231818,-0.093686364,2.316555562,0.328989067,0.551833745,0.256516988,0.568373528,0.108233806,0.304520483,0.065800965,0.323048467,1.476,2.243,1.215,2.245436081,-0.09,3.348,0.516,3.536109161,-1.566,1.105,-0.699,1.29067308,1.833223055,2.230433559,2.7940146,0.245352858,0.807722092,2.227663589,0.273089912,2.385262699,565.1465751,343.6411545,1978.182562,32.69174208,3.118945455,0,0,57,42,287.06259,2183.493428,32.814364,2503.370382,1019.284447,1070211.841,1149.816258,23299.14813,6714.876944,841.3534186,4.35714406,2.57243059,4.098980258,0.288202681,23299.14813,6714.876944,150,0.161259217,0.22372464,26,440,gait_fast
-0.789636364,2.023108647,-0.332915743,2.213495232,0.201601627,0.356902701,0.151667719,0.344661845,0.040643216,0.127379538,0.023003097,0.118791787,1.066,1.637,0.57,1.67028338,-0.43,2.836,-0.035,3.01054231,-1.496,1.199,-0.605,1.34025893,1.98507479,2.21934968,2.446694344,0.155709323,0.814965522,2.054348592,0.365836014,2.240168058,244.996885,206.4295939,1514.938118,12.74754878,3.145660754,0,0,0,50,299.54013,1903.37701,60.360031,2263.277171,998.2863496,1008656.653,679.224176,9907.570506,1725.733143,321.7360013,3.611200187,2.090293238,4.035559471,0.174183282,9907.570506,1725.733143,99.77827051,0.125949455,0.148344202,14,451,gait_slow
-0.824151448,2.058817372,-0.320082405,2.263867541,0.234338607,0.449750347,0.168342979,0.425253336,0.054914583,0.202275374,0.028339358,0.1808404,1.336,2.004,0.688,1.951681709,-0.285,3.141,0,3.228563458,-1.621,1.137,-0.688,1.276881749,1.953468966,2.303545962,2.580573192,0.187843736,0.856819813,2.107369058,0.361651911,2.303461882,278.0268775,265.7752022,2688.596288,10.60660172,3.203051225,0,0,2,36,329.628946,1994.010951,58.725655,2382.365552,1016.476526,1051453.188,483.0982186,16230.50923,1279.45232,433.2333533,3.700501789,2.256282408,4.42793762,0.078830079,16230.50923,1279.45232,100.2227171,0.081315711,0.073069967,14,449,gait_normal
-0.8395,2.289915888,-0.593598131,2.557422301,0.418050479,0.459990839,0.353307817,0.521161326,0.174766203,0.211591572,0.124826413,0.271609128,2.402,3.207,1.582,3.346232649,0.547,4.598,0.281,4.807505382,-1.855,1.391,-1.301,1.461272733,2.131005453,2.608794049,2.951065719,0.203783836,0.937830717,2.335659724,0.690785896,2.609984282,485.7571247,563.083324,7748.47122,24.87468593,3.733341121,6,0,7,36,376.437322,2334.871116,204.235246,2915.543684,1094.576745,1222974.75,1713.486309,19864.51864,2936.480715,1068.9546,4.460611171,3.141671437,5.329361005,0.147825415,19864.51864,2936.480715,112.1495327,0.149095048,0.128787369,14,428,gait_fast
0.656957871,1.879853659,-0.409933481,2.041866059,0.132377511,0.269009913,0.16469352,0.285106952,0.017523805,0.072366333,0.027123956,0.081285974,0.699,1.371,0.668,1.352460498,1.008,2.762,-0.059,2.941272004,0.309,1.391,-0.727,1.588811505,1.816316869,1.983845256,2.175868885,0.139630585,0.670162257,1.899003979,0.441779826,2.061674799,201.7607662,153.255045,947.2493072,12.5,2.946745011,0,0,0,47,202.55197,1626.403466,88.021406,1916.976842,920.8815925,856289.5977,1883.37803,5813.987614,2271.77991,132.5427586,3.498518418,1.992545104,3.870648227,0.390743851,5813.987614,2271.77991,86.47450111,0.088741197,0.28096033,8,451,gait_slow
0.683828784,1.899459057,-0.595590571,2.126169564,0.236564111,0.37965476,0.210947793,0.392806463,0.055962579,0.144137737,0.044498971,0.154296917,1.328,1.574,0.844,1.733348343,1.219,2.801,-0.152,3.068808564,-0.109,1.227,-0.996,1.33546022,1.834602009,2.058177835,2.461113615,0.184748418,0.72359131,1.937029284,0.631844205,2.162150302,421.2742004,300.3177746,3112.736939,30,3.179905707,6,0,0,38,422.009014,3024.178452,321.777042,3767.964508,1713.692668,2986860.977,1344.99731,36947.17499,4121.470922,159.2747001,4.540416683,2.58832535,5.359054698,0.111550367,36947.17499,4121.470922,133.9950372,0.144418892,0.100355656,16,806,gait_normal
0.67910643,2.644248337,-0.411452328,2.86830425,0.622445711,0.928989213,0.544932307,0.970963129,0.387438663,0.863020958,0.296951219,0.942769399,2.863,3.976,2.285,4.103258609,2.113,5.062,0.555,5.210636142,-0.75,1.086,-1.73,1.107377533,2.050220646,2.940463399,3.441461579,0.338514692,0.921208015,2.80268982,0.682820794,3.028190659,838.4587749,507.1227601,2622.22234,58.84301148,3.897432373,34,0,30,44,765.459034,7085.273344,420.552302,8271.28468,2587.210434,7077178.304,3409.891248,217761.8226,9518.218541,135.0060737,4.899251155,2.539365044,5.363601247,0.043709308,217761.8226,9518.218541,83.14855876,0.275347003,0.041878814,18,902,gait_fast
0.02905,-2.236993478,-0.369636957,2.312542682,0.395594995,0.503722786,0.210502042,0.498301817,0.1564954,0.253736646,0.04431111,0.248304701,2.129,2.785,1.172,2.635078049,1.195,-0.918,0.051,3.741866646,-0.934,-3.703,-1.121,1.106788598,2.011570139,2.300108677,2.684524026,0.21547789,0.396660185,2.293005989,0.42537347,2.365620079,385.4706543,231.5971765,2887.482684,24.49489743,2.937484783,33,0,9,31,144.752158,4837.24635,166.467182,5148.46569,2127.539268,4631505.886,398.6847217,85391.88131,1104.945146,35.14595952,4.126264002,1.750051209,4.630563969,0.012939698,85391.88131,1104.945146,81.52173913,0.295520962,0.012774401,18,920,gait_slow
0.105073469,-2.211934694,-0.792067347,2.403511357,0.429643353,0.527718992,0.235362173,0.522183361,0.184593411,0.278487335,0.055395353,0.272675463,2.07,2.918,1.379,2.715478847,1.23,-0.941,-0.219,3.966012733,-0.84,-3.859,-1.598,1.250533886,2.054065968,2.381541546,2.813239769,0.217258537,0.442305149,2.274014605,0.826296578,2.459581734,398.2512378,187.3861021,1269.128638,36.14208074,3.374079592,31,0,0,30,191.721168,5067.719576,669.110714,5928.551458,2355.441129,5679041.672,460.9974712,107257.0036,992.4295537,36.93431469,4.03790984,1.72567597,4.602919238,0.009252818,107257.0036,992.4295537,88.7755102,0.295713423,0.009167988,18,980,gait_normal
0.011556322,-2.919625287,-0.741126437,3.219504519,1.024354091,0.978918211,0.378132283,0.926806672,1.049301304,0.958280864,0.142984023,0.858970608,3.805,4.144,2.012,3.702474449,1.453,-0.844,0.383,5.161602271,-2.352,-4.988,-1.629,1.459127822,2.437936571,3.248868418,3.89655984,0.287872456,1.024419276,3.07936563,0.832017078,3.35025073,790.5260916,453.7221977,4751.1617,50.99019514,4.551167816,17,0,8,40,913.008322,8249.768634,602.259604,9765.03656,2800.968931,8170504.381,1716.38532,203543.2988,4962.21341,299.7312503,4.776857453,2.313606704,5.167788912,0.024379154,203543.2988,4962.21341,93.10344828,0.304491039,0.023798956,16,870,gait_fast
-0.070893246,-2.001233115,-0.638342048,2.129115307,0.291972526,0.311009958,0.219255789,0.338166623,0.085247956,0.096727194,0.048073101,0.114356665,1.582,1.566,1.132,1.640662935,0.801,-1.297,-0.141,3.005145254,-0.781,-2.863,-1.273,1.364482319,1.930014934,2.132722907,2.366600392,0.158829643,0.300456001,2.02525583,0.674947162,2.155803483,329.9126213,201.0892654,1576.810467,32.5,2.88688671,32,0,0,38,82.871356,3765.32496,418.19827,4266.394586,1954.527852,3868364.677,288.7235003,36354.66042,845.8816273,78.9986038,4.150582392,1.924389045,4.783074813,0.023267488,36354.66042,845.8816273,98.03921569,0.22471332,0.022738422,10,918,gait_slow
0.144780911,-2.235327549,-0.794626898,2.434710675,0.456088017,0.598922915,0.273981307,0.60254236,0.20801628,0.358708658,0.075065757,0.363057295,2.27,2.867,1.453,2.701036409,1.352,-0.965,-0.176,3.910681398,-0.918,-3.832,-1.629,1.209644989,2.038817795,2.373640664,2.879239309,0.247480067,0.47851624,2.314173267,0.840534154,2.508161351,462.9042864,259.5040774,2657.423564,61.64414003,3.426071584,28,0,0,35,211.117524,4937.676872,651.390846,5800.185242,2244.803242,5193456.194,620.1945696,128131.5642,1851.874561,159.6048685,4.364558887,2.092490802,4.951535592,0.014452915,128131.5642,1851.874561,81.34490239,0.331435221,0.014247004,16,922,gait_normal
-0.399754545,2.766663636,-0.753443182,3.104866979,0.937652736,1.130303737,0.359754969,1.013859887,0.879192653,1.277586537,0.129423638,1.02791187,4.258,7.316,2.344,6.705148858,2.059,7.586,0.422,7.910674055,-2.199,0.27,-1.922,1.205525197,2.31942048,3.098135588,3.741196889,0.326538912,1.019311704,2.988647556,0.834925306,3.266207408,792.8832222,552.3787657,5651.427917,76.19875327,4.468684091,18,0,8,39,914.316788,7860.172508,613.448234,9387.93753,2732.282942,7863377.55,1921.882196,270511.0841,4948.131827,397.4811103,5.178770951,2.386190377,5.242341103,0.01829179,270511.0841,4948.131827,85.22727273,0.314691207,0.01796321,20,880,gait_fast
-0.43834023,2.065657471,-0.055103448,2.138690815,0.271278691,0.363423321,0.182710828,0.356612982,0.073592128,0.13207651,0.033383247,0.127172819,1.332,1.664,0.898,1.643575297,0.32,3.148,0.418,3.187951223,-1.012,1.484,-0.48,1.544375926,1.858728731,2.084622987,2.363943144,0.166743589,0.515494214,2.097383441,0.190839296,2.168218444,307.9434919,186.0753385,1243.575993,35.4436172,2.672972414,20,0,30,28,231.188828,3827.14505,31.685084,4090.018962,1860.661009,3510187.944,365.7385243,38913.58244,1540.894032,20.90240541,3.70881001,1.708020276,4.564854894,0.039597846,38913.58244,1540.894032,65.51724138,0.354263277,0.03808958,10,870,gait_slow
-0.389226872,2.12969163,-0.049997797,2.199041191,0.341079847,0.473896713,0.183798845,0.478013793,0.116335462,0.224578094,0.033782015,0.228497186,1.664,2.359,1.122,2.342702151,0.523,3.625,0.645,3.635803075,-1.141,1.266,-0.477,1.293100924,1.831575551,2.14366707,2.520912732,0.217373733,0.517525864,2.181780129,0.190477808,2.250395376,383.4655839,276.7895441,2648.997452,30,2.704378855,24,0,44,39,243.192382,4322.229396,32.94387,4598.365648,1996.729402,4081122.156,1665.027348,63048.67147,4001.243028,213.7237352,4.673230447,2.400190423,5.216105708,0.063462765,63048.67147,4001.243028,75.99118943,0.32076484,0.059675587,24,908,gait_normal
-0.38380137,2.326075342,-0.07330137,2.415750788,0.464307388,0.598887047,0.22423739,0.593279583,0.215581351,0.358665695,0.050282407,0.351980664,2.391,2.856,1.449,2.851071836,0.93,3.93,0.879,3.946694946,-1.461,1.074,-0.57,1.09562311,1.989227488,2.312726557,2.836904475,0.245588074,0.602399238,2.401935094,0.235914174,2.487535434,510.1574381,285.9384523,1556.942115,37.41657387,3.005100457,27,0,40,32,317.887122,5053.899962,48.754216,5420.5413,2116.19769,4613343.422,1479.860982,72006.38648,3570.493305,70.73207331,4.359598386,2.233381136,5.098228566,0.049585786,72006.38648,3570.493305,85.61643836,0.24584887,0.047243195,16,876,gait_fast
-0.516873563,2.038121839,0.134634483,2.149349577,0.302515014,0.347756985,0.293924171,0.34403986,0.091515333,0.120934921,0.086391418,0.118363425,1.672,1.644,1.219,1.690594063,0.465,2.996,0.742,3.120110415,-1.207,1.352,-0.477,1.429516352,1.891215826,2.12530586,2.368610806,0.160066963,0.598893658,2.067577218,0.323292224,2.176710139,329.5886168,205.2755785,1659.583909,45.34589287,2.841193103,12,0,23,34,312.046044,3719.14173,90.93054,4122.118314,1869.934132,3541448.295,565.6701786,33225.72409,1700.021566,48.63216404,3.87932037,1.922192116,4.779495672,0.051165824,33225.72409,1700.021566,72.4137931,0.326061344,0.048675312,16,870,gait_slow
-0.554792,2.088850667,-0.165997333,2.200574782,0.327273691,0.43254738,0.198416001,0.435535567,0.107108069,0.187097236,0.039368909,0.18969123,1.743,2.109,0.976,2.218821143,0.352,3.457,0.324,3.582698703,-1.391,1.348,-0.652,1.36387756,1.859867514,2.163307422,2.479923072,0.197919003,0.644129049,2.133165334,0.25869678,2.243261153,432.2246618,269.6227871,1714.615482,49.560569,2.864285333,14,0,37,34,311.176674,3412.795758,50.193018,3774.16545,1650.431086,2777273.429,1019.221459,35454.84556,3241.404475,106.5018554,4.468277219,2.340570207,5.166585586,0.091423455,35454.84556,3241.404475,80,0.23974132,0.083765338,16,750,gait_normal
-0.582392435,2.253687943,-0.204364066,2.391026276,0.439811825,0.535523629,0.195444707,0.511338389,0.193434442,0.286785557,0.038198633,0.261466948,2.094,2.586,1,2.268409075,0.547,3.641,0.324,3.70723846,-1.547,1.055,-0.676,1.438829385,1.987329359,2.323240409,2.805271454,0.213857286,0.729805036,2.316440136,0.282777837,2.445091736,445.0952534,298.932499,4002.601498,0,3.108330969,18,0,24,32,450.59262,4539.547088,67.648956,5057.788664,2022.808229,4185321.171,847.5663562,47141.42352,2938.664809,37.14778985,4.212319513,1.91046436,4.791292087,0.06233721,47141.42352,2938.664809,92.19858156,0.236367172,0.058679306,16,846,gait_fast
