mean_x,mean_y,mean_z,mean_mag,std_x,std_y,std_z,std_mag,var_x,var_y,var_z,var_mag,range_x,range_y,range_z,range_mag,max_x,max_y,max_z,max_mag,min_x,min_y,min_z,min_mag,q25_mag,q50_mag,q75_mag,cv_mag,rms_x,rms_y,rms_z,rms_mag,mean_jerk,std_jerk,max_jerk,min_jerk,sma,zcr_x,zcr_y,zcr_z,zcr_mag,energy_x,energy_y,energy_z,energy_mag,dominant_frequency,dominant_power,spectral_energy,power_tremor_band,power_low_freq,power_mid_freq,power_high_freq,spectral_entropy,spectral_centroid,spectral_spread,freeze_index,locomotor_power,freeze_power,cadence_spm,step_regularity,freeze_ratio,captureId,label,subjectId,activityContext,captureDate,timestamp,sampleRate,duration_ms,numSamples
-0.6752475247524752,-0.4624480198019802,-1.820108910891089,2.2669010057802748,0.6587678816546946,0.603912835303733,0.9716874207192158,0.7659216319761526,0.43397512189981374,0.36471071264459365,0.9441764435839621,0.586635946329013,4.383,3.519,5.993,5.165915091654583,1.84,1.367,0.645,5.7496025080000095,-2.543,-2.152,-5.348,0.5836874163454272,1.8477340850672364,2.1409668424240835,2.620994131111156,0.33787167149750885,0.9433633136730295,0.7606371563783657,2.063243294206747,2.392796714377683,274.1154614827031,422.440515917496,3521.326099639169,0.0,3.3041064356435643,14,21,2,31,1438.1338960000003,934.9673160000001,6879.2681919999995,9252.369404000001,0.0,3663.3120253409243,14185841.97593571,720.0986818953645,147939.84242463874,2194.141944504458,3244.5313751129706,5.6181281606254,2.3351522467485992,5.119311003065219,0.014831311893698703,147939.84242463874,2194.141944504458,76.11386138613862,0.3896408602803356,0.014614558813743274,1764795525841,gait_normal,P001,walking,2025-12-03T14:58:45.841695,1764795587731,50,10000,1616
-0.6752475247524752,-0.4624480198019802,-1.820108910891089,2.2669010057802748,0.6587678816546946,0.603912835303733,0.9716874207192158,0.7659216319761526,0.43397512189981374,0.36471071264459365,0.9441764435839621,0.586635946329013,4.383,3.519,5.993,5.165915091654583,1.84,1.367,0.645,5.7496025080000095,-2.543,-2.152,-5.348,0.5836874163454272,1.8477340850672364,2.1409668424240835,2.620994131111156,0.33787167149750885,0.9433633136730295,0.7606371563783657,2.063243294206747,2.392796714377683,274.1154614827031,422.440515917496,3521.326099639169,0.0,3.3041064356435643,14,21,2,31,1438.1338960000003,934.9673160000001,6879.2681919999995,9252.369404000001,0.0,3663.3120253409243,14185841.97593571,720.0986818953645,147939.84242463874,2194.141944504458,3244.5313751129706,5.6181281606254,2.3351522467485992,5.119311003065219,0.014831311893698703,147939.84242463874,2194.141944504458,76.11386138613862,0.3896408602803356,0.014614558813743274,1764795525861,gait_normal,P001,walking,2025-12-03T14:58:45.861164,1764795532563,50,10000,1616
-0.6752475247524752,-0.4624480198019802,-1.820108910891089,2.2669010057802748,0.6587678816546946,0.603912835303733,0.9716874207192158,0.7659216319761526,0.43397512189981374,0.36471071264459365,0.9441764435839621,0.586635946329013,4.383,3.519,5.993,5.165915091654583,1.84,1.367,0.645,5.7496025080000095,-2.543,-2.152,-5.348,0.5836874163454272,1.8477340850672364,2.1409668424240835,2.620994131111156,0.33787167149750885,0.9433633136730295,0.7606371563783657,2.063243294206747,2.392796714377683,274.1154614827031,422.440515917496,3521.326099639169,0.0,3.3041064356435643,14,21,2,31,1438.1338960000003,934.9673160000001,6879.2681919999995,9252.369404000001,0.0,3663.3120253409243,14185841.97593571,720.0986818953645,147939.84242463874,2194.141944504458,3244.5313751129706,5.6181281606254,2.3351522467485992,5.119311003065219,0.014831311893698703,147939.84242463874,2194.141944504458,76.11386138613862,0.3896408602803356,0.014614558813743274,1764795525875,gait_normal,P001,walking,2025-12-03T14:58:45.875480,1764795544862,50,10000,1616
-0.6752475247524752,-0.4624480198019802,-1.820108910891089,2.2669010057802748,0.6587678816546946,0.603912835303733,0.9716874207192158,0.7659216319761526,0.43397512189981374,0.36471071264459365,0.9441764435839621,0.586635946329013,4.383,3.519,5.993,5.165915091654583,1.84,1.367,0.645,5.7496025080000095,-2.543,-2.152,-5.348,0.5836874163454272,1.8477340850672364,2.1409668424240835,2.620994131111156,0.33787167149750885,0.9433633136730295,0.7606371563783657,2.063243294206747,2.392796714377683,274.1154614827031,422.440515917496,3521.326099639169,0.0,3.3041064356435643,14,21,2,31,1438.1338960000003,934.9673160000001,6879.2681919999995,9252.369404000001,0.0,3663.3120253409243,14185841.97593571,720.0986818953645,147939.84242463874,2194.141944504458,3244.5313751129706,5.6181281606254,2.3351522467485992,5.119311003065219,0.014831311893698703,147939.84242463874,2194.141944504458,76.11386138613862,0.3896408602803356,0.014614558813743274,1764795525895,gait_normal,P001,walking,2025-12-03T14:58:45.895730,1764795538764,50,10000,1616
-1.9374418604651162,0.7603204134366925,-0.7261395348837208,2.30082017722935,0.5101351937187244,0.45266605093156576,0.4071343430550586,0.4429176817172894,0.2602379158704405,0.2049065536659789,0.1657583732948741,0.19617607277781807,3.027,2.1719999999999997,2.082,2.4277021846608573,-0.344,1.906,0.148,3.7165594304410092,-3.371,-0.266,-1.934,1.2888572457801521,2.0563083426373585,2.2383677088449967,2.5576352359161776,0.19250425829949078,2.003476697781377,0.8848693037700663,0.8324884368061941,2.3430641392679616,180.06002479295552,273.40106626138805,1780.86706410108,0.0,3.4433746770025837,0,13,6,27,7766.93303,1515.09278,1341.02659,10623.0524,0.0,4452.0870429387915,20188342.203276794,234.40545694542502,62180.714862852015,841.3435417039825,1796.7032829378911,4.858768941417511,1.9031827660390261,4.6479552633985035,0.01353061867428958,62180.714862852015,841.3435417039825,66.66666666666666,0.3564055882146878,0.013349985116372504,1764795674538,gait_normal,P002,walking,2025-12-03T15:01:14.538183,1764795677237,50,10000,1935
-1.9374418604651162,0.7603204134366925,-0.7261395348837208,2.30082017722935,0.5101351937187244,0.45266605093156576,0.4071343430550586,0.4429176817172894,0.2602379158704405,0.2049065536659789,0.1657583732948741,0.19617607277781807,3.027,2.1719999999999997,2.082,2.4277021846608573,-0.344,1.906,0.148,3.7165594304410092,-3.371,-0.266,-1.934,1.2888572457801521,2.0563083426373585,2.2383677088449967,2.5576352359161776,0.19250425829949078,2.003476697781377,0.8848693037700663,0.8324884368061941,2.3430641392679616,180.06002479295552,273.40106626138805,1780.86706410108,0.0,3.4433746770025837,0,13,6,27,7766.93303,1515.09278,1341.02659,10623.0524,0.0,4452.0870429387915,20188342.203276794,234.40545694542502,62180.714862852015,841.3435417039825,1796.7032829378911,4.858768941417511,1.9031827660390261,4.6479552633985035,0.01353061867428958,62180.714862852015,841.3435417039825,66.66666666666666,0.3564055882146878,0.013349985116372504,1764795674573,gait_normal,P002,walking,2025-12-03T15:01:14.573621,1764795678738,50,10000,1935
-1.9374418604651162,0.7603204134366925,-0.7261395348837208,2.30082017722935,0.5101351937187244,0.45266605093156576,0.4071343430550586,0.4429176817172894,0.2602379158704405,0.2049065536659789,0.1657583732948741,0.19617607277781807,3.027,2.1719999999999997,2.082,2.4277021846608573,-0.344,1.906,0.148,3.7165594304410092,-3.371,-0.266,-1.934,1.2888572457801521,2.0563083426373585,2.2383677088449967,2.5576352359161776,0.19250425829949078,2.003476697781377,0.8848693037700663,0.8324884368061941,2.3430641392679616,180.06002479295552,273.40106626138805,1780.86706410108,0.0,3.4433746770025837,0,13,6,27,7766.93303,1515.09278,1341.02659,10623.0524,0.0,4452.0870429387915,20188342.203276794,234.40545694542502,62180.714862852015,841.3435417039825,1796.7032829378911,4.858768941417511,1.9031827660390261,4.6479552633985035,0.01353061867428958,62180.714862852015,841.3435417039825,66.66666666666666,0.3564055882146878,0.013349985116372504,1764795674589,gait_normal,P002,walking,2025-12-03T15:01:14.589682,1764795679292,50,10000,1935
-1.9374418604651162,0.7603204134366925,-0.7261395348837208,2.30082017722935,0.5101351937187244,0.45266605093156576,0.4071343430550586,0.4429176817172894,0.2602379158704405,0.2049065536659789,0.1657583732948741,0.19617607277781807,3.027,2.1719999999999997,2.082,2.4277021846608573,-0.344,1.906,0.148,3.7165594304410092,-3.371,-0.266,-1.934,1.2888572457801521,2.0563083426373585,2.2383677088449967,2.5576352359161776,0.19250425829949078,2.003476697781377,0.8848693037700663,0.8324884368061941,2.3430641392679616,180.06002479295552,273.40106626138805,1780.86706410108,0.0,3.4433746770025837,0,13,6,27,7766.93303,1515.09278,1341.02659,10623.0524,0.0,4452.0870429387915,20188342.203276794,234.40545694542502,62180.714862852015,841.3435417039825,1796.7032829378911,4.858768941417511,1.9031827660390261,4.6479552633985035,0.01353061867428958,62180.714862852015,841.3435417039825,66.66666666666666,0.3564055882146878,0.013349985116372504,1764795674598,gait_normal,P002,walking,2025-12-03T15:01:14.598884,1764795679814,50,10000,1935
-1.9374418604651162,0.7603204134366925,-0.7261395348837208,2.30082017722935,0.5101351937187244,0.45266605093156576,0.4071343430550586,0.4429176817172894,0.2602379158704405,0.2049065536659789,0.1657583732948741,0.19617607277781807,3.027,2.1719999999999997,2.082,2.4277021846608573,-0.344,1.906,0.148,3.7165594304410092,-3.371,-0.266,-1.934,1.2888572457801521,2.0563083426373585,2.2383677088449967,2.5576352359161776,0.19250425829949078,2.003476697781377,0.8848693037700663,0.8324884368061941,2.3430641392679616,180.06002479295552,273.40106626138805,1780.86706410108,0.0,3.4433746770025837,0,13,6,27,7766.93303,1515.09278,1341.02659,10623.0524,0.0,4452.0870429387915,20188342.203276794,234.40545694542502,62180.714862852015,841.3435417039825,1796.7032829378911,4.858768941417511,1.9031827660390261,4.6479552633985035,0.01353061867428958,62180.714862852015,841.3435417039825,66.66666666666666,0.3564055882146878,0.013349985116372504,1764795674615,gait_normal,P002,walking,2025-12-03T15:01:14.615497,1764795680196,50,10000,1935
